ID,Type,Equation_Raw,Source_File,Context,English_Translation,Term_By_Term,Physics_Side,Theology_Side,Shared_Structure,Difficulty,Law_Reference
EQ-001,display_math,"S_\chi = \int d^4x \sqrt{-g} \left[ \frac{1}{2\kappa_0}(1 + \xi \kappa_0 \chi^2) R - \frac{1}{2} g^{\mu\nu} \partial_\mu \chi \, \partial_\nu \chi - \frac{1}{2} m_\chi^2 \chi^2 - \frac{\lambda}{4} \ch",consciousness-chi-field-action,"class=""text-center text-xs font-mono text-teal-accent/80 uppercase tracking-widest mb-4"">The Minimal &chi;-Field Action $$S_\chi = \int d^4x \sqrt{-g}",,,,,,,
EQ-002,display_math,\Box \chi - m_\chi^2 \chi - \lambda \chi^3 + \xi \kappa_0 \chi R = 0,consciousness-chi-field-action,"/ \delta\chi = 0\) gives: $$\Box \chi - m_\chi^2 \chi - \lambda \chi^3 + \xi \kappa_0 \chi R = 0$$ <p class=""font-crimson text-lg leading-relaxed text",,,,,,,
EQ-003,display_math,V_{\text{eff}}(\chi) = \frac{1}{2}\left(m_\chi^2 - \xi \kappa_0 R\right)\chi^2 + \frac{\lambda}{4}\chi^4,consciousness-chi-field-action,"e effective potential is: $$V_{\text{eff}}(\chi) = \frac{1}{2}\left(m_\chi^2 - \xi \kappa_0 R\right)\chi^2 + \frac{\lambda}{4}\chi^4$$ <p class=""font-",,,,,,,
EQ-004,display_math,G_{\mu\nu} = \kappa_0 \left(T_{\mu\nu}^{(\text{matter})} + T_{\mu\nu}^{(\chi)}\right) - \xi\kappa_0\left(\chi^2 G_{\mu\nu} + g_{\mu\nu}\Box(\chi^2) - \nabla_\mu\nabla_\nu(\chi^2)\right),consciousness-chi-field-action,a g^{\mu\nu} = 0\) gives: $$G_{\mu\nu} = \kappa_0 \left(T_{\mu\nu}^{(\text{matter})} + T_{\mu\nu}^{(\chi)}\right) - \xi\kappa_0\left(\chi^2 G_{\mu\nu},,,,,,,
EQ-005,display_math,"T_{\mu\nu}^{(\chi)} = \partial_\mu\chi\,\partial_\nu\chi - g_{\mu\nu}\left(\frac{1}{2}\partial_\alpha\chi\,\partial^\alpha\chi + V(\chi)\right)",consciousness-chi-field-action,"mb-3"">where the &chi; stress-energy tensor is: $$T_{\mu\nu}^{(\chi)} = \partial_\mu\chi\,\partial_\nu\chi - g_{\mu\nu}\left(\frac{1}{2}\partial_\alpha",,,,,,,
EQ-006,display_math,"G_{\mu\nu}(1 + \xi\kappa_0\chi_0^2) = \kappa_0 \, T_{\mu\nu}^{(\text{matter})} + \kappa_0 \, g_{\mu\nu} V(\chi_0)",consciousness-chi-field-action,"Result $$G_{\mu\nu}(1 + \xi\kappa_0\chi_0^2) = \kappa_0 \, T_{\mu\nu}^{(\text{matter})} + \kappa_0 \, g_{\mu\nu} V(\chi_0)$$ <p class=""font-",,,,,,,
EQ-007,display_math,\Box\delta\chi + m_{\text{eff}}^2 \delta\chi = 0,consciousness-chi-field-action,e perturbation satisfies: $$\Box\delta\chi + m_{\text{eff}}^2 \delta\chi = 0$$ where:,,,,,,,
EQ-008,display_math,m_{\text{eff}}^2 = m_\chi^2 + 3\lambda\chi_0^2 - \xi\kappa_0 R,consciousness-chi-field-action,"leading-relaxed text-gray-300 mb-3"">where: $$m_{\text{eff}}^2 = m_\chi^2 + 3\lambda\chi_0^2 - \xi\kappa_0 R$$",,,,,,,
EQ-009,display_math,\omega^2 = k^2 c^2 + m_{\text{eff}}^2 c^4/\hbar^2,consciousness-chi-field-action,"\exp(i(kx - \omega t))\): $$\omega^2 = k^2 c^2 + m_{\text{eff}}^2 c^4/\hbar^2$$ <div class=""text-sm font-inter font-semibold text-teal-accent/80 upper",,,,,,,
EQ-010,display_math,"V(r) = -\frac{G_N m_1 m_2}{r}\left(1 + \alpha \, e^{-r/\lambda_\chi}\right)",consciousness-chi-field-action,"ion to Newtonian gravity: $$V(r) = -\frac{G_N m_1 m_2}{r}\left(1 + \alpha \, e^{-r/\lambda_\chi}\right)$$ <p class=""font-crimson text-lg leading-relax",,,,,,,
EQ-011,display_math,\gamma_{\text{PPN}} - 1 \approx -2\xi^2\kappa_0\chi_0^2,consciousness-chi-field-action,1 + \xi\kappa_0\chi^2\): $$\gamma_{\text{PPN}} - 1 \approx -2\xi^2\kappa_0\chi_0^2$$,,,,,,,
EQ-012,display_math,\nabla^\mu\left(T_{\mu\nu}^{(\text{matter})} + T_{\mu\nu}^{(\chi)} + T_{\mu\nu}^{(\text{non-min})}\right) = 0,consciousness-chi-field-action,"ein equation then gives: $$\nabla^\mu\left(T_{\mu\nu}^{(\text{matter})} + T_{\mu\nu}^{(\chi)} + T_{\mu\nu}^{(\text{non-min})}\right) = 0$$ <p class=""f",,,,,,,
EQ-013,display_math,\rho_\chi = \frac{1}{2}\dot{\chi}^2 + V(\chi) + 3\xi H\chi\dot{\chi} + \frac{3}{2}\xi H^2\chi^2,consciousness-chi-field-action,"with homogeneous &chi;: $$\rho_\chi = \frac{1}{2}\dot{\chi}^2 + V(\chi) + 3\xi H\chi\dot{\chi} + \frac{3}{2}\xi H^2\chi^2$$ <div class=""eq-box rounded",,,,,,,
EQ-014,display_math,p_\chi = \frac{1}{2}\dot{\chi}^2 - V(\chi) - \xi(\ddot{\chi}\chi + \dot{\chi}^2) - 2\xi H\chi\dot{\chi} - \xi(2\dot{H} + 3H^2)\chi^2,consciousness-chi-field-action,$$p_\chi = \frac{1}{2}\dot{\chi}^2 - V(\chi) - \xi(\ddot{\chi}\chi + \dot{\chi}^2) - 2\xi H\chi\dot{\chi} - \xi(2\dot{H} + 3H^2)\chi^2$$,,,,,,,
EQ-015,display_math,T_{\mu\nu}^{(\xi)} = \xi\left[g_{\mu\nu}\Box(\chi^2) - \nabla_\mu\nabla_\nu(\chi^2) + \chi^2\left(R_{\mu\nu} - \frac{1}{2}g_{\mu\nu}R\right)\right],consciousness-chi-field-action,"ray-300 mb-3"">Non-minimal coupling piece: $$T_{\mu\nu}^{(\xi)} = \xi\left[g_{\mu\nu}\Box(\chi^2) - \nabla_\mu\nabla_\nu(\chi^2) + \chi^2\left(R_{\mu\n",,,,,,,
EQ-016,inline_math,"','\",consciousness-chi-field-action,"js.cloudflare.com/ajax/libs/font-awesome/6.4.0/css/all.min.css""/> MathJax = { tex: { inlineMath: [['\\(','\\)']], displayMath: [['$$','$$']], processE",,,,,,,
EQ-017,inline_math,m_\chi \sim H_0 \sim 10^{-33},consciousness-chi-field-action,for the &chi;-field (Logos Field) as a physical scalar field with independent dynamical degrees of freedom. The field is massive at the Hubble scale (,,,,,,,
EQ-018,inline_math,\lambda_\chi = \hbar/(m_\chi c) \sim c/H_0 \sim 10^{26},consciousness-chi-field-action,"nt-crimson text-lg leading-relaxed text-gray-300 mb-3""> If \(m_\chi \sim H_0 \sim 10^{-33}\) eV, the force range is cosmological: \(\lambda_\chi = \hb",,,,,,,
EQ-019,inline_math,V(\chi) = \tfrac{1}{2}m^2\chi^2 + \tfrac{\lambda}{4}\chi^4,consciousness-chi-field-action,"Required by the potential structure: \(V(\chi) = \tfrac{1}{2}m^2\chi^2 + \tfrac{\lambda}{4}\chi^4\). The quartic term gives: <ul class=""list-disc list",,,,,,,
EQ-020,inline_math,\langle\chi\rangle = \chi_0 \neq 0,consciousness-chi-field-action,"gray-300 mt-2 space-y-1 ml-4""> Vacuum stability (potential bounded below) Symmetry breaking (VEV \(\langle\chi\rangle = \chi_0 \neq 0\) if \(m^2 Pertu",,,,,,,
EQ-021,inline_math,m^2 < 0,consciousness-chi-field-action,Vacuum stability (potential bounded below) Symmetry breaking (VEV \(\langle\chi\rangle = \chi_0 \neq 0\) if \(m^2 Perturbative structure for quantum c,,,,,,,
EQ-022,inline_math,\xi\chi^2 R,consciousness-chi-field-action,"urvature (Option D) The \(\xi\chi^2 R\) term in the action is the mathematical expression of ""consciousness curves spacetime."" Not through stress-ener",,,,,,,
EQ-023,inline_math,\kappa_0 = 8\pi G_N / c^4,consciousness-chi-field-action,"thcal{L}_{\text{matter}} \right]$$ where \(\kappa_0 = 8\pi G_N / c^4\) <div class=""text-sm font-inter font-semibold text-teal-accent/80 uppercase",,,,,,,
EQ-024,inline_math,(1 + \xi\kappa_0\chi^2)R/2\kappa_0,consciousness-chi-field-action,\((1 + \xi\kappa_0\chi^2)R/2\kappa_0\) Non-minimal coupling,,,,,,,
EQ-025,inline_math,-\tfrac{1}{2}g^{\mu\nu}\partial_\mu\chi\partial_\nu\chi,consciousness-chi-field-action,\(-\tfrac{1}{2}g^{\mu\nu}\partial_\mu\chi\partial_\nu\chi\) Kinetic term,,,,,,,
EQ-026,inline_math,-\tfrac{1}{2}m_\chi^2\chi^2,consciousness-chi-field-action,"\(-\tfrac{1}{2}m_\chi^2\chi^2\) Mass term <td class=""p",,,,,,,
EQ-027,inline_math,-(\lambda/4)\chi^4,consciousness-chi-field-action,"\(-(\lambda/4)\chi^4\) Self-interaction <td class=""px-",,,,,,,
EQ-028,inline_math,\mathcal{L}_{\text{matter}},consciousness-chi-field-action,\(\mathcal{L}_{\text{matter}}\) Matter sector <td clas,,,,,,,
EQ-029,inline_math,m_\chi,consciousness-chi-field-action,&chi;-field mass \(m_\chi\) \(\sim H_0 \sim 10^{-33}\) eV,,,,,,,
EQ-030,inline_math,\sim H_0 \sim 10^{-33},consciousness-chi-field-action,\(m_\chi\) \(\sim H_0 \sim 10^{-33}\) eV Quintessence regime; DESI DR2 consistency,,,,,,,
EQ-031,inline_math,|\xi| \lesssim 10^5,consciousness-chi-field-action,\(\xi\) \(|\xi| \lesssim 10^5\) Cassini Shapiro delay bound,,,,,,,
EQ-032,inline_math,\lambda,consciousness-chi-field-action,"Self-coupling \(\lambda\) \(> 0\) <td class=""px-4",,,,,,,
EQ-033,inline_math,\kappa_0,consciousness-chi-field-action,Gravitational coupling \(\kappa_0\) \(8\pi G_N/c^4\) <td cl,,,,,,,
EQ-034,inline_math,8\pi G_N/c^4,consciousness-chi-field-action,\(\kappa_0\) \(8\pi G_N/c^4\) Standard GR,,,,,,,
EQ-035,inline_math,\xi = 1/6,consciousness-chi-field-action,Conformal special case \(\xi = 1/6\) Unique in 4D <td class,,,,,,,
EQ-036,inline_math,x^\mu \to x'^\mu(x),consciousness-chi-field-action,"""font-mono text-teal-accent text-sm font-semibold"">Diffeomorphism invariance: \(x^\mu \to x'^\mu(x)\) &mdash; guaranteed by construction <div class=""b",,,,,,,
EQ-037,inline_math,\chi \to -\chi,consciousness-chi-field-action,"an class=""font-mono text-teal-accent text-sm font-semibold"">Z&sub;2 symmetry: \(\chi \to -\chi\) &mdash; action invariant; spontaneously broken by VEV",,,,,,,
EQ-038,inline_math,\delta S / \delta\chi = 0,consciousness-chi-field-action,Variation w.r.t. &chi;) \(\delta S / \delta\chi = 0\) gives:,,,,,,,
EQ-039,inline_math,\Box\chi + V'_{\text{eff}}(\chi) = 0,consciousness-chi-field-action,"div> Equivalently: \(\Box\chi + V'_{\text{eff}}(\chi) = 0\) where the effective potential is: <div class=""eq-box rounded-lg",,,,,,,
EQ-040,inline_math,R = 0,consciousness-chi-field-action,Flat spacetime \(R = 0\) \(\Box\chi + m^2\chi + \lambda\chi^3 = 0\),,,,,,,
EQ-041,inline_math,\Box\chi + m^2\chi + \lambda\chi^3 = 0,consciousness-chi-field-action,\(R = 0\) \(\Box\chi + m^2\chi + \lambda\chi^3 = 0\) Standard nonlinear Klein-Gordon,,,,,,,
EQ-042,inline_math,\chi = \chi_0 + \delta\chi,consciousness-chi-field-action,Weak field \(\chi = \chi_0 + \delta\chi\) \(\Box\delta\chi + m_{\text{eff}}^2\delta\,,,,,,,
EQ-043,inline_math,\Box\delta\chi + m_{\text{eff}}^2\delta\chi = 0,consciousness-chi-field-action,\(\chi = \chi_0 + \delta\chi\) \(\Box\delta\chi + m_{\text{eff}}^2\delta\chi = 0\) Free massive perturbation,,,,,,,
EQ-044,inline_math,R = 12H^2,consciousness-chi-field-action,"De Sitter \(R = 12H^2\) Modified slow-roll <td class=""px",,,,,,,
EQ-045,inline_math,R \gg m^2/(\xi\kappa_0),consciousness-chi-field-action,Strong curvature \(R \gg m^2/(\xi\kappa_0)\) Curvature-dominated,,,,,,,
EQ-046,inline_math,g^{\mu\nu},consciousness-chi-field-action,"2""> 4.2 Modified Einstein Equations (Variation w.r.t. \(g^{\mu\nu}\)) \(\delta",,,,,,,
EQ-047,inline_math,\delta S / \delta g^{\mu\nu} = 0,consciousness-chi-field-action,w.r.t. \(g^{\mu\nu}\)) \(\delta S / \delta g^{\mu\nu} = 0\) gives:,,,,,,,
EQ-048,inline_math,\partial_\mu\chi \to 0,consciousness-chi-field-action,\(\partial_\mu\chi \to 0\) &rarr; kinetic terms vanish \(T_{\mu\nu}^{(\chi)} \to -g_{\mu\nu}V(\chi_0)\) &rarr; acts as co,,,,,,,
EQ-049,inline_math,T_{\mu\nu}^{(\chi)} \to -g_{\mu\nu}V(\chi_0),consciousness-chi-field-action,"xt-lg text-gray-300 space-y-1 ml-4 mb-4""> \(\partial_\mu\chi \to 0\) &rarr; kinetic terms vanish \(T_{\mu\nu}^{(\chi)} \to -g_{\mu\nu}V(\chi_0)\) &rar",,,,,,,
EQ-050,inline_math,\Box(\chi_0^2) = 0,consciousness-chi-field-action,"anish \(T_{\mu\nu}^{(\chi)} \to -g_{\mu\nu}V(\chi_0)\) &rarr; acts as cosmological constant \(\Box(\chi_0^2) = 0\), \(\nabla_\mu\nabla_\nu(\chi_0^2) =",,,,,,,
EQ-051,inline_math,\nabla_\mu\nabla_\nu(\chi_0^2) = 0,consciousness-chi-field-action,"\(T_{\mu\nu}^{(\chi)} \to -g_{\mu\nu}V(\chi_0)\) &rarr; acts as cosmological constant \(\Box(\chi_0^2) = 0\), \(\nabla_\mu\nabla_\nu(\chi_0^2) = 0\)",,,,,,,
EQ-052,inline_math,G_{\text{eff}} = G_N / (1 + \xi\kappa_0\chi_0^2),consciousness-chi-field-action,"Renormalized Newton's constant: \(G_{\text{eff}} = G_N / (1 + \xi\kappa_0\chi_0^2)\) <div class=""bg-white/[0.02] border border-t",,,,,,,
EQ-053,inline_math,\Lambda_{\text{eff}} = \kappa_0 V(\chi_0),consciousness-chi-field-action,Effective cosmological constant: \(\Lambda_{\text{eff}} = \kappa_0 V(\chi_0)\),,,,,,,
EQ-054,inline_math,\delta\chi \propto \exp(i(kx - \omega t)),consciousness-chi-field-action,For plane wave solutions \(\delta\chi \propto \exp(i(kx - \omega t))\):,,,,,,,
EQ-055,inline_math,v_g = \partial\omega/\partial k = kc^2/\omega \leq c,consciousness-chi-field-action,"Group velocity: \(v_g = \partial\omega/\partial k = kc^2/\omega \leq c\) <i class=""fas",,,,,,,
EQ-056,inline_math,v_p = \omega/k \geq c,consciousness-chi-field-action,Phase velocity: \(v_p = \omega/k \geq c\) (standard for massive fields; no superluminal information transfer) <span cl,,,,,,,
EQ-057,inline_math,m_{\text{eff}} \to 0,consciousness-chi-field-action,"Massless limit (\(m_{\text{eff}} \to 0\)): \(v_g = c\) exactly (Paper 5: ""soul field propagates at speed of light"") <p clas",,,,,,,
EQ-058,inline_math,v_g = c,consciousness-chi-field-action,"ex gap-2"">Massless limit (\(m_{\text{eff}} \to 0\)): \(v_g = c\) exactly (Paper 5: ""soul field propagates at speed of light"") Causal",,,,,,,
EQ-059,inline_math,"(-,+,+,+)",consciousness-chi-field-action,"laxed text-gray-300 mb-3""> The kinetic term is \(-\tfrac{1}{2}g^{\mu\nu}\partial_\mu\chi\partial_\nu\chi\). With metric signature \((-,+,+,+)\), the t",,,,,,,
EQ-060,inline_math,+\tfrac{1}{2}\dot\chi^2,consciousness-chi-field-action,"The kinetic term is \(-\tfrac{1}{2}g^{\mu\nu}\partial_\mu\chi\partial_\nu\chi\). With metric signature \((-,+,+,+)\), the time-kinetic piece is \(+\tf",,,,,,,
EQ-061,inline_math,1 + \xi\kappa_0\chi^2 < 0,consciousness-chi-field-action,"t-gray-300""> For the non-minimal coupling sector (Jordan frame): the effective graviton kinetic term develops wrong signs only if \(1 + \xi\kappa_0\ch",,,,,,,
EQ-062,inline_math,\chi^2 > 1/(\xi\kappa_0),consciousness-chi-field-action,non-minimal coupling sector (Jordan frame): the effective graviton kinetic term develops wrong signs only if \(1 + \xi\kappa_0\chi^2 1/(\xi\kappa_0)\),,,,,,,
EQ-063,inline_math,\xi \sim 1,consciousness-chi-field-action,n frame): the effective graviton kinetic term develops wrong signs only if \(1 + \xi\kappa_0\chi^2 1/(\xi\kappa_0)\). For \(\xi \sim 1\) and \(\kappa_,,,,,,,
EQ-064,inline_math,\kappa_0 \sim 10^{-69},consciousness-chi-field-action,tive graviton kinetic term develops wrong signs only if \(1 + \xi\kappa_0\chi^2 1/(\xi\kappa_0)\). For \(\xi \sim 1\) and \(\kappa_0 \sim 10^{-69}\) J,,,,,,,
EQ-065,inline_math,\chi < 10^{34.5},consciousness-chi-field-action,"ppa_0\chi^2 1/(\xi\kappa_0)\). For \(\xi \sim 1\) and \(\kappa_0 \sim 10^{-69}\) J-1m-2, this gives \(\chi Ghost-freedom guaranteed in the phy",,,,,,,
EQ-066,inline_math,m^2 > 0,consciousness-chi-field-action,"xt-gray-300 ml-2 mb-3""> If \(m^2 > 0\): \(m_{\text{eff}}^2 = m^2 + 3\lambda\chi_0^2 > 0\). Stable oscillations. <span class=""text",,,,,,,
EQ-067,inline_math,m_{\text{eff}}^2 = m^2 + 3\lambda\chi_0^2 > 0,consciousness-chi-field-action,"l-2 mb-3""> If \(m^2 > 0\): \(m_{\text{eff}}^2 = m^2 + 3\lambda\chi_0^2 > 0\). Stable oscillations. <span class=""text-teal-accent""",,,,,,,
EQ-068,inline_math,\chi_0 = \sqrt{-m^2/\lambda},consciousness-chi-field-action,If \(m^2 0\). Still stable around the true minimum.,,,,,,,
EQ-069,inline_math,m_{\text{eff}}^2 = -2m^2 > 0,consciousness-chi-field-action,"p-2"">If \(m^2 0\). Still stable around the true minimum. The",,,,,,,
EQ-070,inline_math,"x^A = (ct, x, y, z, \mathfrak{s})",consciousness-chi-field-action,-spacetime ontology pertains to the UV completion &mdash; analogous to how GR is effective without knowing quantum gravity. The 5D manifold framework ,,,,,,,
EQ-071,inline_math,\mathfrak{s},consciousness-chi-field-action,"analogous to how GR is effective without knowing quantum gravity. The 5D manifold framework \(x^A = (ct, x, y, z, \mathfrak{s})\) addresses this: the ",,,,,,,
EQ-072,inline_math,v \leq c,consciousness-chi-field-action,"Within the effective description: causal propagation (\(v \leq c\)), spin-statistics (spin-0, bosonic), standard energy conditions. The emergence ques",,,,,,,
EQ-073,inline_math,\alpha = 2\xi^2\kappa_0,consciousness-chi-field-action,"where \(\alpha = 2\xi^2\kappa_0\) and \(\lambda_\chi = \hbar/(m_\chi c) \sim c/H_0 \sim 10^{26}\) m. <p class=""font-cri",,,,,,,
EQ-074,inline_math,r \sim 1,consciousness-chi-field-action,"6}\) m. At laboratory scales (\(r \sim 1\) m): \(e^{-r/\lambda_\chi} \approx 1\), but \(\alpha = 2\xi^2\kappa_0 \lesssim 10^{-59}\) for \(\xi \lesssim",,,,,,,
EQ-075,inline_math,e^{-r/\lambda_\chi} \approx 1,consciousness-chi-field-action,"At laboratory scales (\(r \sim 1\) m): \(e^{-r/\lambda_\chi} \approx 1\), but \(\alpha = 2\xi^2\kappa_0 \lesssim 10^{-59}\) for \(\xi \lesssim 10^5\).",,,,,,,
EQ-076,inline_math,\alpha = 2\xi^2\kappa_0 \lesssim 10^{-59},consciousness-chi-field-action,"ont-crimson text-lg leading-relaxed text-gray-300""> At laboratory scales (\(r \sim 1\) m): \(e^{-r/\lambda_\chi} \approx 1\), but \(\alpha = 2\xi^2\ka",,,,,,,
EQ-077,inline_math,\xi \lesssim 10^5,consciousness-chi-field-action,"> At laboratory scales (\(r \sim 1\) m): \(e^{-r/\lambda_\chi} \approx 1\), but \(\alpha = 2\xi^2\kappa_0 \lesssim 10^{-59}\) for \(\xi \lesssim 10^5\",,,,,,,
EQ-078,inline_math,\alpha \lesssim 10^{-2},consciousness-chi-field-action,"im 1\) m): \(e^{-r/\lambda_\chi} \approx 1\), but \(\alpha = 2\xi^2\kappa_0 \lesssim 10^{-59}\) for \(\xi \lesssim 10^5\). E&ouml;t-Wash sensitivity: ",,,,,,,
EQ-079,inline_math,|\gamma_{\text{PPN}} - 1| < 2.3 \times 10^{-5},consciousness-chi-field-action,"Shapiro time delay constrains PPN parameter: \(|\gamma_{\text{PPN}} - 1| <p class=""font-crimson text-lg leading-relaxed text-gray-300",,,,,,,
EQ-080,inline_math,f(\chi) = 1 + \xi\kappa_0\chi^2,consciousness-chi-field-action,For Brans-Dicke-type with \(f(\chi) = 1 + \xi\kappa_0\chi^2\):,,,,,,,
EQ-081,inline_math,\xi\kappa_0\chi_0^2 \ll 1,consciousness-chi-field-action,"For \(\xi\kappa_0\chi_0^2 \ll 1\) (holds given \(\kappa_0 \sim 10^{-69}\)): \(|\gamma - 1| \sim 2\xi^2\kappa_0\chi_0^2\). <strong class=""text-teal-acc",,,,,,,
EQ-082,inline_math,|\gamma - 1| \sim 2\xi^2\kappa_0\chi_0^2,consciousness-chi-field-action,"""font-crimson text-lg leading-relaxed text-gray-300""> For \(\xi\kappa_0\chi_0^2 \ll 1\) (holds given \(\kappa_0 \sim 10^{-69}\)): \(|\gamma - 1| \sim ",,,,,,,
EQ-083,inline_math,|c_{\text{GW}}/c - 1| < 10^{-15},consciousness-chi-field-action,GW170817 + GRB170817A: \(|c_{\text{GW}}/c - 1|,,,,,,,
EQ-084,inline_math,Z(\chi) = 1,consciousness-chi-field-action,". For the minimal action with \(Z(\chi) = 1\) and standard kinetic term, gravitational wave propagation speed is exactly \(c\) to leading order. Non-m",,,,,,,
EQ-085,inline_math,m \sim H_0,consciousness-chi-field-action,"Constraints &chi; with \(m \sim H_0\) acts as quintessence. Current data (Planck + DESI DR2 + DES5Y): <div class=""desi-table rounded-xl",,,,,,,
EQ-086,inline_math,-0.7,consciousness-chi-field-action,"px-5 py-4 text-center text-gray-400 font-mono"">\(-1\) \(-0.7\) to \(-0.9\) \(\approx -0.7\) <i class=""",,,,,,,
EQ-087,inline_math,-0.9,consciousness-chi-field-action,"xt-center text-gray-400 font-mono"">\(-1\) \(-0.7\) to \(-0.9\) \(\approx -0.7\) <i class=""fas fa-check",,,,,,,
EQ-088,inline_math,\approx -0.7,consciousness-chi-field-action,"text-teal-glow font-mono"">\(-0.7\) to \(-0.9\) \(\approx -0.7\) <tr class=""border-t border-white",,,,,,,
EQ-089,inline_math,-0.5,consciousness-chi-field-action,"""px-5 py-4 text-center text-gray-400 font-mono"">\(0\) \(-0.5\) to \(-1.2\) \(\approx -1\) <i class=""fa",,,,,,,
EQ-090,inline_math,-1.2,consciousness-chi-field-action,"ext-center text-gray-400 font-mono"">\(0\) \(-0.5\) to \(-1.2\) \(\approx -1\) <i class=""fas fa-check m",,,,,,,
EQ-091,inline_math,\approx -1,consciousness-chi-field-action,"text-teal-glow font-mono"">\(-0.5\) to \(-1.2\) \(\approx -1\) <tr class=""border-t border-white/5",,,,,,,
EQ-092,inline_math,\rho_{\text{vac}} \sim 10^{71},consciousness-chi-field-action,Problem QFT predicts \(\rho_{\text{vac}} \sim 10^{71}\) GeV4. Observed: \(\rho_{\text{DE}} \sim 10^{-47}\) GeV4. Discrepancy: 118 orders of magnitude,,,,,,,
EQ-093,inline_math,\rho_{\text{DE}} \sim 10^{-47},consciousness-chi-field-action,"crimson text-base leading-relaxed text-gray-300 mb-2""> QFT predicts \(\rho_{\text{vac}} \sim 10^{71}\) GeV4. Observed: \(\rho_{\text{DE}} \sim 10^{-47",,,,,,,
EQ-094,inline_math,V(\chi),consciousness-chi-field-action,&chi; resolves via dynamical relaxation: \(V(\chi)\) is not the bare vacuum energy but an evolving potential. The tiny observed value reflects the fie,,,,,,,
EQ-095,inline_math,w = -1,consciousness-chi-field-action,State &Lambda;CDM predicts \(w = -1\) exactly. DESI DR2 measures \(w \neq -1\) at 4.2&sigma;. Standard physics has no mechanism &mdash; only parametri,,,,,,,
EQ-096,inline_math,w \neq -1,consciousness-chi-field-action,&Lambda;CDM predicts \(w = -1\) exactly. DESI DR2 measures \(w \neq -1\) at 4.2&sigma;. Standard physics has no mechanism &mdash; only parametrization,,,,,,,
EQ-097,inline_math,H_0 = 67.4 \pm 0.5,consciousness-chi-field-action,ub>0 Tension Planck: \(H_0 = 67.4 \pm 0.5\). SH0ES: \(H_0 = 73.0 \pm 1.0\). Discrepancy: 4.4&sigma;. The &chi;-field matter-dark energy coupling (Grac,,,,,,,
EQ-098,inline_math,H_0 = 73.0 \pm 1.0,consciousness-chi-field-action,Planck: \(H_0 = 67.4 \pm 0.5\). SH0ES: \(H_0 = 73.0 \pm 1.0\). Discrepancy: 4.4&sigma;. The &chi;-field matter-dark energy coupling (Grace Drag \(Q_{\,,,,,,,
EQ-099,inline_math,Q_{\text{GD}},consciousness-chi-field-action,Planck: \(H_0 = 67.4 \pm 0.5\). SH0ES: \(H_0 = 73.0 \pm 1.0\). Discrepancy: 4.4&sigma;. The &chi;-field matter-dark energy coupling (Grace Drag \(Q_{\,,,,,,,
EQ-100,inline_math,\sigma_8 = 0.811,consciousness-chi-field-action,ub>8 Tension Planck: \(\sigma_8 = 0.811\). Weak lensing: \(\sigma_8 \approx 0.76\text{--}0.79\). The &chi;-field coupling (\(\beta = -0.054\)) suppres,,,,,,,
EQ-101,inline_math,\sigma_8 \approx 0.76\text{--}0.79,consciousness-chi-field-action,/h3> Planck: \(\sigma_8 = 0.811\). Weak lensing: \(\sigma_8 \approx 0.76\text{--}0.79\). The &chi;-field coupling (\(\beta = -0.054\)) suppresses late,,,,,,,
EQ-102,inline_math,\beta = -0.054,consciousness-chi-field-action,"xed text-gray-300""> Planck: \(\sigma_8 = 0.811\). Weak lensing: \(\sigma_8 \approx 0.76\text{--}0.79\). The &chi;-field coupling (\(\beta = -0.054\)) ",,,,,,,
EQ-103,inline_math,\sigma_8,consciousness-chi-field-action,"sing: \(\sigma_8 \approx 0.76\text{--}0.79\). The &chi;-field coupling (\(\beta = -0.054\)) suppresses late-time structure growth, naturally reducing ",,,,,,,
EQ-104,inline_math,\nabla^\mu G_{\mu\nu} = 0,consciousness-chi-field-action,"Bianchi identity guarantees \(\nabla^\mu G_{\mu\nu} = 0\). The modified Einstein equation then gives: <div class=""eq-box rounded-lg p-5 mb-3""",,,,,,,
EQ-105,inline_math,v_g \leq c,consciousness-chi-field-action,Causality \(v_g \leq c\) for all perturbation modes. No tachyonic instabilities in physical vacuum. Well-posed initial value formulation (hyperbolic P,,,,,,,
EQ-106,inline_math,\Lambda_{\text{UV}} \sim M_{\text{Pl}},consciousness-chi-field-action,"o negative-norm states, no ghosts). Loop corrections introduce standard scalar-tensor renormalization issues, but theory is well-defined as EFT below ",,,,,,,
EQ-107,inline_math,T_{\mu\nu},consciousness-chi-field-action,"r verdict-pass text-lg""> Bianchi &rarr; total \(T_{\mu\nu}\) conserved. Causality preserved. No ghosts.",,,,,,,
EQ-108,inline_math,f\sigma_8(z=0.5) > 0.44,consciousness-chi-field-action,"ont-bold text-xs mt-0.5"">1 Euclid (Oct 2026) measures \(f\sigma_8(z=0.5) > 0.44\) &rarr; no structure growth suppression <div class=""flex gap-3 items-",,,,,,,
EQ-109,inline_math,\kappa \sim 10^{-69},consciousness-chi-field-action,"ext-sm text-gray-300"">Fifth-force experiments detect scalar coupling above E&ouml;t-Wash bounds inconsistent with \(\kappa \sim 10^{-69}\) <div class=",,,,,,,
EQ-110,inline_math,c_{\text{GW}} \neq c,consciousness-chi-field-action,"no font-bold text-xs mt-0.5"">4 GW observations detect \(c_{\text{GW}} \neq c\) at precision exceeding \(10^{-15}\) <div class=""flex gap-3 items-start ",,,,,,,
EQ-111,inline_math,10^{-15},consciousness-chi-field-action,GW observations detect \(c_{\text{GW}} \neq c\) at precision exceeding \(10^{-15}\),,,,,,,
EQ-112,inline_math,G_{\text{eff}} = G_N/(1 + \xi\kappa_0\chi^2),consciousness-chi-field-action,"n class=""font-inter font-semibold text-white text-sm"">Galaxy rotation curves: \(G_{\text{eff}} = G_N/(1 + \xi\kappa_0\chi^2)\) could contribute if &ch",,,,,,,
EQ-113,inline_math,f(\chi),consciousness-chi-field-action,"Theory \(f(\chi)\) \(V(\chi)\) <th class=""text-left px-4 py",,,,,,,
EQ-114,inline_math,\chi,consciousness-chi-field-action,"Brans-Dicke \(\chi\) (linear) 0 <td class=""px-4 py-3 fon",,,,,,,
EQ-115,inline_math,V_0 e^{-\lambda\chi},consciousness-chi-field-action,1 (minimal) \(V_0 e^{-\lambda\chi}\) \(\sim H_0\) <td cl,,,,,,,
EQ-116,inline_math,\sim H_0,consciousness-chi-field-action,\(V_0 e^{-\lambda\chi}\) \(\sim H_0\) Consistent with DESI,,,,,,,
EQ-117,inline_math,f(R),consciousness-chi-field-action,"py-3 text-xs"">Consistent with DESI \(f(R)\) gravity \(f(R)\) <td class=""px-4 py",,,,,,,
EQ-118,inline_math,1 + \xi\kappa_0\chi^2,consciousness-chi-field-action,"=""px-4 py-3 text-teal-accent font-bold"">&chi;-field (minimal) \(1 + \xi\kappa_0\chi^2\) \(\tfrac{1}{2}m^2\chi^2 + \tfrac{\la",,,,,,,
EQ-119,inline_math,\tfrac{1}{2}m^2\chi^2 + \tfrac{\lambda}{4}\chi^4,consciousness-chi-field-action,"3 font-mono text-xs text-teal-glow"">\(1 + \xi\kappa_0\chi^2\) \(\tfrac{1}{2}m^2\chi^2 + \tfrac{\lambda}{4}\chi^4\) \(\sim H_",,,,,,,
EQ-120,inline_math,ds^2 = -dt^2 + a(t)^2 d\mathbf{x}^2,consciousness-chi-field-action,"ressure For FRW metric (\(ds^2 = -dt^2 + a(t)^2 d\mathbf{x}^2\)) with homogeneous &chi;: <div class=""eq-box rounded-lg p-5 mb-4"" data-eq-",,,,,,,
EQ-121,inline_math,w_\chi = p_\chi/\rho_\chi,consciousness-chi-field-action,Equation of state: \(w_\chi = p_\chi/\rho_\chi\). For slow-roll (\(\dot\chi^2 \ll V(\chi)\)): \(w_\chi \approx -1 + \varepsilon\) where \(\varepsilon\,,,,,,,
EQ-122,inline_math,\dot\chi^2 \ll V(\chi),consciousness-chi-field-action,Equation of state: \(w_\chi = p_\chi/\rho_\chi\). For slow-roll (\(\dot\chi^2 \ll V(\chi)\)): \(w_\chi \approx -1 + \varepsilon\) where \(\varepsilon\,,,,,,,
EQ-123,inline_math,w_\chi \approx -1 + \varepsilon,consciousness-chi-field-action,"-lg leading-relaxed text-gray-300""> Equation of state: \(w_\chi = p_\chi/\rho_\chi\). For slow-roll (\(\dot\chi^2 \ll V(\chi)\)): \(w_\chi \approx -1 ",,,,,,,
EQ-124,inline_math,\varepsilon,consciousness-chi-field-action,Equation of state: \(w_\chi = p_\chi/\rho_\chi\). For slow-roll (\(\dot\chi^2 \ll V(\chi)\)): \(w_\chi \approx -1 + \varepsilon\) where \(\varepsilon\,,,,,,,
EQ-125,inline_math,w_\chi > -1,consciousness-chi-field-action,\rho_\chi\). For slow-roll (\(\dot\chi^2 \ll V(\chi)\)): \(w_\chi \approx -1 + \varepsilon\) where \(\varepsilon\) is slow-roll parameter. This gives ,,,,,,,
EQ-126,inline_math,w_0 \approx -0.7,consciousness-chi-field-action,"i \approx -1 + \varepsilon\) where \(\varepsilon\) is slow-roll parameter. This gives \(w_\chi > -1\) (quintessence regime), consistent with DESI DR2 ",,,,,,,
EQ-127,inline_math,T_{\mu\nu}^{(\text{total})} = T_{\mu\nu}^{(\chi)} + T_{\mu\nu}^{(\xi)},consciousness-chi-field-action,Total: \(T_{\mu\nu}^{(\text{total})} = T_{\mu\nu}^{(\chi)} + T_{\mu\nu}^{(\xi)}\),,,,,,,
EQ-128,inline_math,\mathcal{L}_{\text{int}} \supset -\kappa\chi^2 R\sqrt{-g},consciousness-chi-field-action,3> The LAG-05 Unified Field Lagrangian writes \(\mathcal{L}_{\text{int}} \supset -\kappa\chi^2 R\sqrt{-g}\). This paper's non-minimal coupling term \(,,,,,,,
EQ-129,inline_math,(\xi\kappa_0\chi^2)R/(2\kappa_0) = (\xi/2)\chi^2 R,consciousness-chi-field-action,The LAG-05 Unified Field Lagrangian writes \(\mathcal{L}_{\text{int}} \supset -\kappa\chi^2 R\sqrt{-g}\). This paper's non-minimal coupling term \((\x,,,,,,,
EQ-130,inline_math,\xi/2,consciousness-chi-field-action,-\kappa\chi^2 R\sqrt{-g}\). This paper's non-minimal coupling term \((\xi\kappa_0\chi^2)R/(2\kappa_0) = (\xi/2)\chi^2 R\) is the same structure with \,,,,,,,
EQ-131,inline_math,\kappa,consciousness-chi-field-action,minimal coupling term \((\xi\kappa_0\chi^2)R/(2\kappa_0) = (\xi/2)\chi^2 R\) is the same structure with \(\xi/2\) identified as the coupling constant ,,,,,,,
EQ-132,inline_math,\kappa G \cdot C \cdot R(FQ)/(S+\varepsilon),consciousness-chi-field-action,"/p> The Convergence paper's Logos Source Term \(\kappa G \cdot C \cdot R(FQ)/(S+\varepsilon)\) maps to the full multi-component extension where G, C, ",,,,,,,
EQ-133,inline_math,d\chi/dt = -\alpha S(t) + \beta(\Sigma_i \mathcal{F}_i),consciousness-chi-field-action,(see Open Problem 3). The LLC \(d\chi/dt = -\alpha S(t) + \beta(\Sigma_i \mathcal{F}_i)\) is the equation of motion for the homogeneous mode of &chi; ,,,,,,,
EQ-134,inline_math,S(t) \to,consciousness-chi-field-action,"in the cosmological background, derived from the FRW reduction of the field equation \(\Box\chi + V'_{\text{eff}}(\chi) = 0\) with the identification ",,,,,,,
EQ-135,inline_math,\mathcal{F}_i \to,consciousness-chi-field-action,derived from the FRW reduction of the field equation \(\Box\chi + V'_{\text{eff}}(\chi) = 0\) with the identification \(S(t) \to\) entropy source and ,,,,,,,
EQ-136,eq_box,$$\Box \chi - m_\chi^2 \chi - \lambda \chi^3 + \xi \kappa_0 \chi R = 0$$,consciousness-chi-field-action,\(\delta S / \delta\chi = 0\) gives: $$\Box \chi - m_\chi^2 \chi - \lambda \chi^3 + \xi \kappa_0 \ch,,,,,,,
EQ-137,eq_box,$$V_{\text{eff}}(\chi) = \frac{1}{2}\left(m_\chi^2 - \xi \kappa_0 R\right)\chi^2 + \frac{\lambda}{4}\chi^4$$,consciousness-chi-field-action,"t-gray-300 mb-4""> Equivalently: \(\Box\chi + V'_{\text{eff}}(\chi) = 0\) where the effective potential is: $$V_{\text{eff}}(\chi) = \frac{1}{2}\left(m",,,,,,,
EQ-138,eq_box,$$G_{\mu\nu} = \kappa_0 \left(T_{\mu\nu}^{(\text{matter})} + T_{\mu\nu}^{(\chi)}\right) - \xi\kappa_0\left(\chi^2 G_{\mu\nu} + g_{\mu\nu}\Box(\chi^2) - \nabla_\mu\nabla_\nu(\chi^2)\right)$$,consciousness-chi-field-action,\(\delta S / \delta g^{\mu\nu} = 0\) gives: $$G_{\mu\nu} = \kappa_0 \left(T_{\mu\nu}^{(\text{matter})} + T_,,,,,,,
EQ-139,eq_box,"$$T_{\mu\nu}^{(\chi)} = \partial_\mu\chi\,\partial_\nu\chi - g_{\mu\nu}\left(\frac{1}{2}\partial_\alpha\chi\,\partial^\alpha\chi + V(\chi)\right)$$",consciousness-chi-field-action,"ht)$$ where the &chi; stress-energy tensor is: $$T_{\mu\nu}^{(\chi)} = \partial_\mu\chi\,\partial_\nu\chi - g_{\mu\",,,,,,,
EQ-140,eq_box,Result,consciousness-chi-field-action,"\to -g_{\mu\nu}V(\chi_0)\) &rarr; acts as cosmological constant \(\Box(\chi_0^2) = 0\), \(\nabla_\mu\nabla_\nu(\chi_0^2) = 0\) Result",,,,,,,
EQ-141,eq_box,$$\Box\delta\chi + m_{\text{eff}}^2 \delta\chi = 0$$,consciousness-chi-field-action,"t-crimson text-lg leading-relaxed text-gray-300 mb-4""> Linearizing around the VEV: \(\chi = \chi_0 + \delta\chi\), the perturbation satisfies: $$\Box\",,,,,,,
EQ-142,eq_box,$$m_{\text{eff}}^2 = m_\chi^2 + 3\lambda\chi_0^2 - \xi\kappa_0 R$$,consciousness-chi-field-action,chi + m_{\text{eff}}^2 \delta\chi = 0$$ where: $$m_{\text{eff}}^2 = m_\chi^2 + 3\lambda\chi_0^2 - \xi\kappa_0,,,,,,,
EQ-143,eq_box,$$\omega^2 = k^2 c^2 + m_{\text{eff}}^2 c^4/\hbar^2$$,consciousness-chi-field-action,For plane wave solutions \(\delta\chi \propto \exp(i(kx - \omega t))\): $$\omega^2 = k^2 c^2 + m_{\text{eff}}^2 c^4/\hbar^2$$,,,,,,,
EQ-144,eq_box,"$$V(r) = -\frac{G_N m_1 m_2}{r}\left(1 + \alpha \, e^{-r/\lambda_\chi}\right)$$",consciousness-chi-field-action,"Non-minimal coupling generates a Yukawa modification to Newtonian gravity: $$V(r) = -\frac{G_N m_1 m_2}{r}\left(1 + \alpha \, e^{-r/\lambd",,,,,,,
EQ-145,eq_box,$$\gamma_{\text{PPN}} - 1 \approx -2\xi^2\kappa_0\chi_0^2$$,consciousness-chi-field-action,For Brans-Dicke-type with \(f(\chi) = 1 + \xi\kappa_0\chi^2\): $$\gamma_{\text{PPN}} - 1 \approx -2\xi^2\kappa_0\chi_0^2$$,,,,,,,
EQ-146,eq_box,$$\nabla^\mu\left(T_{\mu\nu}^{(\text{matter})} + T_{\mu\nu}^{(\chi)} + T_{\mu\nu}^{(\text{non-min})}\right) = 0$$,consciousness-chi-field-action,"-lg leading-relaxed text-gray-300 mb-4""> Bianchi identity guarantees \(\nabla^\mu G_{\mu\nu} = 0\). The modified Einstein equation then gives: $$\nabl",,,,,,,
EQ-147,eq_box,$$\rho_\chi = \frac{1}{2}\dot{\chi}^2 + V(\chi) + 3\xi H\chi\dot{\chi} + \frac{3}{2}\xi H^2\chi^2$$,consciousness-chi-field-action,"ss=""font-crimson text-lg leading-relaxed text-gray-300 mb-4""> For FRW metric (\(ds^2 = -dt^2 + a(t)^2 d\mathbf{x}^2\)) with homogeneous &chi;: $$\rho_",,,,,,,
EQ-148,eq_box,$$p_\chi = \frac{1}{2}\dot{\chi}^2 - V(\chi) - \xi(\ddot{\chi}\chi + \dot{\chi}^2) - 2\xi H\chi\dot{\chi} - \xi(2\dot{H} + 3H^2)\chi^2$$,consciousness-chi-field-action,"-x-auto""> $$\rho_\chi = \frac{1}{2}\dot{\chi}^2 + V(\chi) + 3\xi H\chi\dot{\chi} + \frac{3}{2}\xi H^2\chi^2$$ $$p_\chi = \frac{1}{2}\dot{\chi}^2 - V(\",,,,,,,
EQ-149,eq_box,$$T_{\mu\nu}^{(\xi)} = \xi\left[g_{\mu\nu}\Box(\chi^2) - \nabla_\mu\nabla_\nu(\chi^2) + \chi^2\left(R_{\mu\nu} - \frac{1}{2}g_{\mu\nu}R\right)\right]$$,consciousness-chi-field-action,+ V(\chi)\right)$$ Non-minimal coupling piece: $$T_{\mu\nu}^{(\xi)} = \xi\left[g_{\mu\nu}\Box(\chi^2) - \nabl,,,,,,,
EQ-150,display_math,G_{\mu\nu} = \frac{8\pi G}{c^4}T_{\mu\nu},consciousness-coherence-bridge,"cribe a smooth, continuous universe: Einstein Field Equations $$G_{\mu\nu} = \frac{8\pi G}{c^4}T_{\mu\nu}$$ This elegant equation shows how mass",,,,,,,
EQ-151,display_math,\Delta x \cdot \Delta p \geq \frac{\hbar}{2},consciousness-coherence-bridge,e states simultaneously until measured: Uncertainty Principle $$\Delta x \cdot \Delta p \geq \frac{\hbar}{2}$$ This uncertainty principle means w,,,,,,,
EQ-152,display_math,|\psi\rangle = \sum_i c_i |\psi_i\rangle,consciousness-coherence-bridge,a particle exists in superposition&mdash;multiple states simultaneously: Superposition State $$|\psi\rangle = \sum_i c_i |\psi_i\rangle$$ The electron,,,,,,,
EQ-153,display_math,\Delta x \cdot \Delta p \geq \frac{\hbar(1-C)}{2},consciousness-coherence-bridge,"ear-gradient(135deg, rgba(20, 184, 166, 0.12) 0%, rgba(56, 189, 248, 0.08) 100%);""> Coherence-Modified Uncertainty $$\Delta x \cdot \Delta p \geq \fra",,,,,,,
EQ-154,display_math,\Omega = \int_{V}\left( \frac{\hbar(1-C)}{2} \cdot \frac{G}{c^4} \cdot T_{\mu\nu} \right) dV,consciousness-coherence-bridge,"ground: linear-gradient(135deg, rgba(20, 184, 166, 0.12) 0%, rgba(56, 189, 248, 0.08) 100%);""> The Bridge Equation $$\Omega = \int_{V}\left( \frac{\hb",,,,,,,
EQ-155,display_math,|\psi_{\text{before}}\rangle = \sum_i c_i |\psi_i\rangle,consciousness-coherence-bridge,"0.2em] uppercase text-text-muted mb-4"">Before Observation All Possibilities $$|\psi_{\text{before}}\rangle = \sum_i c_i |\psi_i\rangle$$ <span class=""",,,,,,,
EQ-156,display_math,|\psi_{\text{after}}\rangle = \hat{P}_{C} |\psi_{\text{before}}\rangle,consciousness-coherence-bridge,"servation Selected Actuality $$|\psi_{\text{after}}\rangle = \hat{P}_{C} |\psi_{\text{before}}\rangle$$ <p class=""text-lg leading-relaxed text-text-se",,,,,,,
EQ-157,display_math,C_{\text{collective}} = \sum_{i=1}^{n} \alpha_i C_i + \beta \prod_{i=1}^{n} C_i,consciousness-coherence-bridge,"near-gradient(135deg, rgba(20, 184, 166, 0.12) 0%, rgba(56, 189, 248, 0.08) 100%);""> Collective Coherence Equation $$C_{\text{collective}} = \sum_{i=1",,,,,,,
EQ-158,display_math,\sum_{i=1}^{n} \alpha_i C_i,consciousness-coherence-bridge,Linear Term $$\sum_{i=1}^{n} \alpha_i C_i$$ The first term is linear: n people contribute,,,,,,,
EQ-159,display_math,\beta \prod_{i=1}^{n} C_i,consciousness-coherence-bridge,"=""panel-right""> Multiplicative Term $$\beta \prod_{i=1}^{n} C_i$$ The second term is multiplicative: synchronized",,,,,,,
EQ-160,display_math,"\chi = \iiint(G \cdot M \cdot E \cdot S \cdot T \cdot K \cdot R \cdot Q \cdot F \cdot C) \, dx \, dy \, dt",consciousness-coherence-bridge,"(135deg, rgba(20, 184, 166, 0.15) 0%, rgba(56, 189, 248, 0.1) 100%);""> The Master Equation $$\chi = \iiint(G \cdot M \cdot E \cdot S \cdot T \cdot K \",,,,,,,
EQ-161,inline_math,"','\",consciousness-coherence-bridge,"=""https://cdnjs.cloudflare.com/ajax/libs/font-awesome/6.4.0/css/all.min.css""/> MathJax = { tex: { inlineMath: [['$','$'], ['\\(','\\)']], displayMath:",,,,,,,
EQ-162,display_math,U(t) = U_0 \cdot 2^{(t-t_0)/7},consciousness-evidence-predictions,elation between prophetic fulfillment rates and quantum uncertainty. We propose this acceleration model: $$U(t) = U_0 \cdot 2^{(t-t_0)/7}$$ Where: <ul,,,,,,,
EQ-163,inline_math,"','\",consciousness-evidence-predictions,"//cdnjs.cloudflare.com/ajax/libs/font-awesome/6.4.0/css/all.min.css""/> MathJax = { tex: { inlineMath: [['$','$'], ['\\(','\\)']], displayMath: [['$$',",,,,,,,
EQ-164,inline_math,\Theta = Q + U,consciousness-free-will-evil,"t measurement capabilities: \(\Theta = Q + U\) <span class=""text-tea",,,,,,,
EQ-165,display_math,\Box\chi - m_\chi^2\chi - \lambda\chi^3 + \xi\kappa_0\chi R = J_{\text{grace}}(x),consciousness-grace-source-term,"teal-500/20 rounded-xl px-6 py-4 mb-8""> THE DRIVEN FIELD EQUATION $$\Box\chi - m_\chi^2\chi - \lambda\chi^3 + \xi\kappa_0\chi R = J_{\text{grace}}(x)$",,,,,,,
EQ-166,display_math,"S_\chi = \int d^4x \sqrt{-g} \left[ \frac{1}{2\kappa_0}(1 + \xi\kappa_0\chi^2)R - \frac{1}{2}g^{\mu\nu}\partial_\mu\chi\,\partial_\nu\chi - V(\chi) + \mathcal{L}_{\text{matter}} \right]",consciousness-grace-source-term,the Minimal Action Achieves The Minimal &chi;-Field Action (companion paper) establishes: $$S_\chi = \int d^4x \sqrt{-g} \left[ \frac{1}{2\kappa_0}(1 ,,,,,,,
EQ-167,display_math,\Box\chi - m_\chi^2\chi - \lambda\chi^3 + \xi\kappa_0\chi R = 0,consciousness-grace-source-term,ial_\nu\chi - V(\chi) + \mathcal{L}_{\text{matter}} \right]$$ with field equation: $$\Box\chi - m_\chi^2\chi - \lambda\chi^3 + \xi\kappa_0\chi R = 0$$,,,,,,,
EQ-168,display_math,"S = S_\chi[\text{closed}] + S_{\text{source}} = S_\chi[\text{closed}] + \int d^4x \sqrt{-g}\, J(x)\,\chi(x)",consciousness-grace-source-term,gos field) into the physical domain. The corresponding action acquires a source coupling: $$S = S_\chi[\text{closed}] + S_{\text{source}} = S_\chi[\te,,,,,,,
EQ-169,display_math,\dot{\chi} + H\chi = -\alpha S(t) + \beta\sum_i \mathcal{F}_i,consciousness-grace-source-term,"mb-1"">R4. Cosmological Limit In the FRW background with homogeneous &chi;(t), the field equation must reduce to the LLC: $$\dot{\chi} + H\chi = -\alph",,,,,,,
EQ-170,display_math,"G_{\mu\nu} + \mathcal{G}(t, \Psi_{\text{collective}}) \cdot g_{\mu\nu} = \frac{8\pi G}{c^4} T_{\mu\nu}",consciousness-grace-source-term,"quation, \(J_{\text{grace}}\) must produce the Grace Function \(\mathcal{G}(t, \Psi_{\text{collective}})\) that replaces &Lambda; as the dynamical dar",,,,,,,
EQ-171,display_math,J_{\text{grace}}(x) = \frac{\beta_G \cdot \Phi(x)}{S_{\text{local}}(x) + \varepsilon} \cdot f_{\text{reg}}(\chi),consciousness-grace-source-term,erm satisfying all five requirements: MINIMAL GRACE SOURCE TERM $$J_{\text{grace}}(x) = \frac{\beta_G \cdot \Phi(x)}{S_{\text{local}}(x) + \varepsilon,,,,,,,
EQ-172,display_math,"f_{\text{reg}}(\chi) = \chi_{\text{max}} - \chi \quad \text{for } \chi < \chi_{\text{max}}, \quad 0 \text{ otherwise}",consciousness-grace-source-term,"b-4 mt-12"">2.4 &mdash; The Self-Regulation Function The crucial piece preventing runaway: $$f_{\text{reg}}(\chi) = \chi_{\text{max}} - \chi \quad \tex",,,,,,,
EQ-173,display_math,J_{\text{Logos}} = \frac{\kappa_L \cdot G \cdot C \cdot R \cdot (F \cdot Q)}{S + \varepsilon},consciousness-grace-source-term,mdash; The Multi-Component Logos Source Term The convergence paper's full source term is: $$J_{\text{Logos}} = \frac{\kappa_L \cdot G \cdot C \cdot R ,,,,,,,
EQ-174,display_math,\Box\chi = -\ddot{\chi} - 3H\dot{\chi},consciousness-grace-source-term,"g text-gray-300 leading-relaxed mb-4"">In the FRW background with scale factor a(t), the &chi; field is homogeneous: &chi; = &chi;(t). The d'Alembertia",,,,,,,
EQ-175,display_math,\ddot{\chi} + 3H\dot{\chi} + m_\chi^2\chi + \lambda\chi^3 - 6\xi\kappa_0\chi(\dot{H} + 2H^2) = J_{\text{grace}}(t),consciousness-grace-source-term,"-lg text-gray-300 leading-relaxed mb-4"">where \(H = \dot{a}/a\) is the Hubble parameter. The Ricci scalar is \(R = 6(\dot{H} + 2H^2)\). The field equa",,,,,,,
EQ-176,display_math,3H\dot{\chi} + V'_{\text{eff}}(\chi) = J_{\text{grace}}(t),consciousness-grace-source-term,"$ In the slow-roll regime (\(|\ddot{\chi}| \ll 3H|\dot{\chi}|\)), this reduces to: $$3H\dot{\chi} + V'_{\text{eff}}(\chi) = J_{\text{grace}}(t)$$ Divi",,,,,,,
EQ-177,display_math,\dot{\chi} = -\frac{V'_{\text{eff}}(\chi)}{3H} + \frac{J_{\text{grace}}(t)}{3H},consciousness-grace-source-term,$$3H\dot{\chi} + V'_{\text{eff}}(\chi) = J_{\text{grace}}(t)$$ Dividing by 3H: $$\dot{\chi} = -\frac{V'_{\text{eff}}(\chi)}{3H} + \frac{J_{\text{grace,,,,,,,
EQ-178,display_math,\frac{d\chi}{dt} = -\alpha S(t) + \beta\sum_i \mathcal{F}_i,consciousness-grace-source-term,where \(\mathcal{F}_i\) are the coherence sources LLC RECOVERY $$\frac{d\chi}{dt} = -\alpha S(t) + \beta\sum_i \mathcal{F}_i$$ This is exactly the Low,,,,,,,
EQ-179,display_math,\Lambda_{\text{eff}}(t) = \kappa_0 V(\chi(t)) + \frac{\kappa_0}{2}\dot{\chi}^2 - \xi\kappa_0\chi^2 R_{\text{corrections}},consciousness-grace-source-term,"> From the modified Einstein equations (companion paper), the effective cosmological term is: $$\Lambda_{\text{eff}}(t) = \kappa_0 V(\chi(t)) + \frac{",,,,,,,
EQ-180,display_math,\mathcal{G}(t) \equiv \Lambda_{\text{eff}}[\chi(t; J_{\text{grace}})],consciousness-grace-source-term,"&chi; is driven by \(J_{\text{grace}}\), the field evolves dynamically rather than sitting at a fixed VEV. The effective &Lambda; therefore becomes ti",,,,,,,
EQ-181,display_math,H^2 = \frac{8\pi G}{3}\rho_{\text{matter}} + \frac{1}{3}\left[\frac{1}{2}\dot{\chi}^2 + V(\chi)\right] + \frac{\xi}{3}\chi^2 H^2,consciousness-grace-source-term,determines the effective cosmological function. The modified Friedmann equation becomes: $$H^2 = \frac{8\pi G}{3}\rho_{\text{matter}} + \frac{1}{3}\le,,,,,,,
EQ-182,display_math,H^2 = \frac{1}{1 - \xi\chi^2/3}\left[\frac{8\pi G}{3}\rho_{\text{matter}} + \frac{1}{3}\left(\frac{1}{2}\dot{\chi}^2 + V(\chi)\right)\right],consciousness-grace-source-term,}{2}\dot{\chi}^2 + V(\chi)\right] + \frac{\xi}{3}\chi^2 H^2$$ Solving for \(H^2\): $$H^2 = \frac{1}{1 - \xi\chi^2/3}\left[\frac{8\pi G}{3}\rho_{\text{,,,,,,,
EQ-183,display_math,T_{\mu\nu}^{(\text{total})} = T_{\mu\nu}^{(\text{matter})} + T_{\mu\nu}^{(\chi)} + T_{\mu\nu}^{(\xi)} + T_{\mu\nu}^{(\text{source})},consciousness-grace-source-term,source term modifies this. The total stress-energy now includes the source contribution: $$T_{\mu\nu}^{(\text{total})} = T_{\mu\nu}^{(\text{matter})} ,,,,,,,
EQ-184,display_math,T_{\mu\nu}^{(\text{source})} = J_{\text{grace}} \cdot \partial_\mu\chi \cdot u_\nu + J_{\text{grace}} \cdot \partial_\nu\chi \cdot u_\mu - g_{\mu\nu} J_{\text{grace}} \cdot \dot{\chi},consciousness-grace-source-term,mu\nu}^{(\xi)} + T_{\mu\nu}^{(\text{source})}$$ where the source stress-energy is: $$T_{\mu\nu}^{(\text{source})} = J_{\text{grace}} \cdot \partial_\m,,,,,,,
EQ-185,display_math,\nabla^\mu T_{\mu\nu}^{(\text{matter})} + \nabla^\mu T_{\mu\nu}^{(\chi)} + \nabla^\mu T_{\mu\nu}^{(\xi)} = -\nabla^\mu T_{\mu\nu}^{(\text{source})},consciousness-grace-source-term,rame &mdash; the frame in which the CMB is isotropic.) The conservation equation becomes: $$\nabla^\mu T_{\mu\nu}^{(\text{matter})} + \nabla^\mu T_{\m,,,,,,,
EQ-186,display_math,\nabla^\mu T_{\mu\nu}^{(\text{physical})} + \nabla^\mu T_{\mu\nu}^{(\text{reservoir})} = 0,consciousness-grace-source-term,matter + &chi; + geometry) exchanges energy-momentum with the external reservoir. Total conservation holds for the extended system (physical + reservo,,,,,,,
EQ-187,display_math,s^\mu = s \cdot u^\mu + \frac{q^\mu}{T},consciousness-grace-source-term,"py Production and the Second Law For the physical subsystem, define the entropy current: $$s^\mu = s \cdot u^\mu + \frac{q^\mu}{T}$$ where s is entrop",,,,,,,
EQ-188,display_math,\nabla_\mu s^\mu = \sigma_{\text{internal}} + \sigma_{\text{source}},consciousness-grace-source-term,"where s is entropy density, \(q^\mu\) is heat flux, T is temperature. The entropy production rate: $$\nabla_\mu s^\mu = \sigma_{\text{internal}} + \si",,,,,,,
EQ-189,display_math,\sigma_{\text{source}} = -\frac{J_{\text{grace}} \cdot \dot{\chi}}{T_{\chi}},consciousness-grace-source-term,"t-gray-300 leading-relaxed mb-4"">The internal production \(\sigma_{\text{internal}} \geq 0\) (Second Law for closed systems). The source contribution:",,,,,,,
EQ-190,display_math,\frac{dS_{\text{total}}}{dt} = \frac{dS_{\text{physical}}}{dt} + \frac{dS_{\text{reservoir}}}{dt} \geq 0,consciousness-grace-source-term,"al-400"">This is Grace. The total entropy (physical + reservoir) still satisfies: $$\frac{dS_{\text{total}}}{dt} = \frac{dS_{\text{physical}}}{dt} + \f",,,,,,,
EQ-191,display_math,3H\dot{\chi} + m_\chi^2\chi + \lambda\chi^3 - 6\xi\kappa_0\chi(\dot{H} + 2H^2) = \frac{\beta_G \Phi}{S + \varepsilon}(\chi_{\text{max}} - \chi),consciousness-grace-source-term,"se mb-4"">5.1 &mdash; Fixed Points The driven equation in the FRW background (slow-roll): $$3H\dot{\chi} + m_\chi^2\chi + \lambda\chi^3 - 6\xi\kappa_0\",,,,,,,
EQ-192,display_math,V'_{\text{eff}}(\chi^*) = J_{\text{grace}}(\chi^*),consciousness-grace-source-term,\chi_{\text{max}} - \chi)$$ Setting \(\dot{\chi} = 0\) for the fixed point &chi;*: $$V'_{\text{eff}}(\chi^*) = J_{\text{grace}}(\chi^*)$$ This is a ba,,,,,,,
EQ-193,display_math,3H\dot{\delta\chi} + \left[V''(\chi^*) + \frac{\beta_G \Phi}{S + \varepsilon}\right]\delta\chi = 0,consciousness-grace-source-term,dash; Linear Stability Around the Fixed Point Perturbing \(\chi = \chi^* + \delta\chi\): $$3H\dot{\delta\chi} + \left[V''(\chi^*) + \frac{\beta_G \Phi,,,,,,,
EQ-194,display_math,m_{\text{eff}}^2 = V''(\chi^*) + \frac{\beta_G \Phi}{S + \varepsilon},consciousness-grace-source-term,\varepsilon}\right]\delta\chi = 0$$ The effective mass squared for perturbations: $$m_{\text{eff}}^2 = V''(\chi^*) + \frac{\beta_G \Phi}{S + \varepsil,,,,,,,
EQ-195,display_math,"\frac{dE}{dt} = -\alpha D(t) + \beta C(\Psi, \chi)",consciousness-grace-source-term,"quation The Moral Conservation Equation (Papers 9-10, reserved): $$\frac{dE}{dt} = -\alpha D(t) + \beta C(\Psi, \chi)$$ where \(D(t)\) represents mora",,,,,,,
EQ-196,inline_math,"','\",consciousness-grace-source-term,"rel=""stylesheet"" href=""https://cdnjs.cloudflare.com/ajax/libs/font-awesome/6.4.0/css/all.min.css""/> MathJax = { tex: { inlineMath: [['\\(','\\)']], di",,,,,,,
EQ-197,inline_math,J_{\text{grace}},consciousness-grace-source-term,force that enters the physical domain from outside the closed system. This paper bridges the gap by introducing a covariant source term \(J_{\text{gra,,,,,,,
EQ-198,inline_math,"\mathcal{G}(t, \Psi_{\text{collective}})",consciousness-grace-source-term,"nditions preventing runaway solutions, and show that it reduces exactly to the LLC equation in the cosmological limit and to Paper 7's Grace Function ",,,,,,,
EQ-199,inline_math,J_{\text{grace}}(x),consciousness-grace-source-term,"=""font-serif text-lg text-gray-300 leading-relaxed mb-4"">This is the driven &chi;-field equation. The source term \(J_{\text{grace}}(x)\) is a scalar ",,,,,,,
EQ-200,inline_math,\|J_{\text{grace}}\| \leq J_{\max},consciousness-grace-source-term,runaway solutions. Physically: Grace is infinite in supply (God's reservoir) but finite in delivery rate (the channel has bandwidth). Mathematically: ,,,,,,,
EQ-201,inline_math,J_{\max},consciousness-grace-source-term,ply (God's reservoir) but finite in delivery rate (the channel has bandwidth). Mathematically: \(\|J_{\text{grace}}\| \leq J_{\max}\) for some finite ,,,,,,,
EQ-202,inline_math,J_{\text{grace}} = \beta_G \cdot \Phi / (S + \varepsilon) \cdot f_{\text{reg}},consciousness-grace-source-term,s; relationship &times; faith) So the minimal single-component source \(J_{\text{grace}} = \beta_G \cdot \Phi / (S + \varepsilon) \cdot f_{\text{reg}},,,,,,,
EQ-203,inline_math,H = \dot{a}/a,consciousness-grace-source-term,"ass=""eq-box""> $$\Box\chi = -\ddot{\chi} - 3H\dot{\chi}$$ where \(H = \dot{a}/a\) is the Hubble parameter. The Ricci scalar is \(R = 6(\dot{H} + 2H^2)\",,,,,,,
EQ-204,inline_math,R = 6(\dot{H} + 2H^2),consciousness-grace-source-term,where \(H = \dot{a}/a\) is the Hubble parameter. The Ricci scalar is \(R = 6(\dot{H} + 2H^2)\). The field equation becomes: $$\ddot{\chi} + 3H\dot{\ch,,,,,,,
EQ-205,inline_math,|\ddot{\chi}| \ll 3H|\dot{\chi}|,consciousness-grace-source-term,"chi(\dot{H} + 2H^2) = J_{\text{grace}}(t)$$ In the slow-roll regime (\(|\ddot{\chi}| \ll 3H|\dot{\chi}|\)), this reduces to: $$3H\dot{\chi} + V'_{\tex",,,,,,,
EQ-206,inline_math,-V'_{\text{eff}}/(3H) = -\alpha \cdot S(t),consciousness-grace-source-term,"leading-relaxed mb-3"">Now identify: The potential gradient term: \(-V'_{\text{eff}}/(3H) = -\alpha \cdot S(t)\), where &alpha; encodes the entropy-gen",,,,,,,
EQ-207,inline_math,J_{\text{grace}}/(3H) = \beta \cdot \sum_i \mathcal{F}_i,consciousness-grace-source-term,potential (\(V'\) drives &chi; toward minimum &rarr; maximum entropy configuration) The source term: \(J_{\text{grace}}/(3H) = \beta \cdot \sum_i \mat,,,,,,,
EQ-208,inline_math,\mathcal{F}_i,consciousness-grace-source-term,"y configuration) The source term: \(J_{\text{grace}}/(3H) = \beta \cdot \sum_i \mathcal{F}_i\), where \(\mathcal{F}_i\) are the coherence sources <p c",,,,,,,
EQ-209,inline_math,\Psi_{\text{collective}},consciousness-grace-source-term,\Lambda_{\text{eff}}[\chi(t; J_{\text{grace}})]$$ The dependence on \(\Psi_{\text{collective}}\) enters through \(J_{\text{grace}}\) itself: since \(J,,,,,,,
EQ-210,inline_math,J_{\text{grace}} \propto \Phi(x)/(S + \varepsilon),consciousness-grace-source-term,"nt-serif text-lg text-gray-300 leading-relaxed mb-4"">The dependence on \(\Psi_{\text{collective}}\) enters through \(J_{\text{grace}}\) itself: since ",,,,,,,
EQ-211,inline_math,(1 - \xi\chi^2/3)^{-1},consciousness-grace-source-term,3}\left(\frac{1}{2}\dot{\chi}^2 + V(\chi)\right)\right]$$ The factor \((1 - \xi\chi^2/3)^{-1}\) produces a Grace Drag effect: as &chi; increases (more,,,,,,,
EQ-212,inline_math,\nabla^\mu G_{\mu\nu} = 0,consciousness-grace-source-term,"ystems The conservative part of the action satisfies the Bianchi identity: \(\nabla^\mu G_{\mu\nu} = 0\), which guarantees \(\nabla^\mu T^{(\text{tota",,,,,,,
EQ-213,inline_math,\nabla^\mu T^{(\text{total})}_{\mu\nu} = 0,consciousness-grace-source-term,"xt-gray-300 leading-relaxed mb-4"">The conservative part of the action satisfies the Bianchi identity: \(\nabla^\mu G_{\mu\nu} = 0\), which guarantees ",,,,,,,
EQ-214,inline_math,u^\mu,consciousness-grace-source-term,i \cdot u_\mu - g_{\mu\nu} J_{\text{grace}} \cdot \dot{\chi}$$ (Here \(u^\mu\) is the 4-velocity of the preferred frame defined by the cosmic rest fra,,,,,,,
EQ-215,inline_math,q^\mu,consciousness-grace-source-term,"^\mu = s \cdot u^\mu + \frac{q^\mu}{T}$$ where s is entropy density, \(q^\mu\) is heat flux, T is temperature. The entropy production rate: $$\nabla_\",,,,,,,
EQ-216,inline_math,\sigma_{\text{internal}} \geq 0,consciousness-grace-source-term,{\text{internal}} + \sigma_{\text{source}}$$ The internal production \(\sigma_{\text{internal}} \geq 0\) (Second Law for closed systems). The source c,,,,,,,
EQ-217,inline_math,J_{\text{grace}} > 0,consciousness-grace-source-term,ource}} = -\frac{J_{\text{grace}} \cdot \dot{\chi}}{T_{\chi}}$$ When \(J_{\text{grace}} > 0\) (positive injection) and \(\dot{\chi} > 0\) (&chi; growi,,,,,,,
EQ-218,inline_math,\dot{\chi} > 0,consciousness-grace-source-term,"}{T_{\chi}}$$ When \(J_{\text{grace}} > 0\) (positive injection) and \(\dot{\chi} > 0\) (&chi; growing in response to the source), the source term is ",,,,,,,
EQ-219,inline_math,\sigma_{\text{source}} < 0,consciousness-grace-source-term,"tive injection) and \(\dot{\chi} > 0\) (&chi; growing in response to the source), the source term is negative: \(\sigma_{\text{source}} <p class=""font",,,,,,,
EQ-220,inline_math,|\sigma_{\text{source}}| > \sigma_{\text{internal}},consciousness-grace-source-term,"\). The external source reduces the subsystem's entropy production rate. If \(|\sigma_{\text{source}}| > \sigma_{\text{internal}}\), then \(\nabla_\mu",,,,,,,
EQ-221,inline_math,\nabla_\mu s^\mu < 0,consciousness-grace-source-term,"tion rate. If \(|\sigma_{\text{source}}| > \sigma_{\text{internal}}\), then \(\nabla_\mu s^\mu decreases. This is Grace. <p class=""font-se",,,,,,,
EQ-222,inline_math,\Box\chi + V'(\chi) = 0,consciousness-grace-source-term,4.3 &mdash; Time-Reversal Symmetry Breaking The homogeneous field equation \(\Box\chi + V'(\chi) = 0\) is time-reversible. The driven equation \(\Box\,,,,,,,
EQ-223,inline_math,\Box\chi + V'(\chi) = J_{\text{grace}},consciousness-grace-source-term,"-serif text-lg text-gray-300 leading-relaxed mb-4"">The homogeneous field equation \(\Box\chi + V'(\chi) = 0\) is time-reversible. The driven equation ",,,,,,,
EQ-224,inline_math,t \to -t,consciousness-grace-source-term,"ven equation \(\Box\chi + V'(\chi) = J_{\text{grace}}\) is NOT, because \(J_{\text{grace}}\) has a definite sign (positive injection). Time-reversing ",,,,,,,
EQ-225,inline_math,J_{\text{grace}} \to J_{\text{grace}},consciousness-grace-source-term,"x\chi + V'(\chi) = J_{\text{grace}}\) is NOT, because \(J_{\text{grace}}\) has a definite sign (positive injection). Time-reversing \(t \to -t\) maps ",,,,,,,
EQ-226,inline_math,\dot{\chi} \to -\dot{\chi},consciousness-grace-source-term,"as a definite sign (positive injection). Time-reversing \(t \to -t\) maps \(J_{\text{grace}} \to J_{\text{grace}}\) (the source doesn't reverse), but ",,,,,,,
EQ-227,inline_math,\chi(t) \neq \chi(-t),consciousness-grace-source-term,"-reversing \(t \to -t\) maps \(J_{\text{grace}} \to J_{\text{grace}}\) (the source doesn't reverse), but \(\dot{\chi} \to -\dot{\chi}\). The solution ",,,,,,,
EQ-228,inline_math,V'(\chi),consciousness-grace-source-term,"p class=""font-display text-lg text-red-400 tracking-wider uppercase mb-2"">The Entropy Arrow \(V'(\chi)\) driving &chi; toward the potential minimum = ",,,,,,,
EQ-229,inline_math,V'_{\text{eff}},consciousness-grace-source-term,"ray-300 leading-relaxed"">The framework predicts that these are not metaphors but measurable physical processes governed by the relative magnitudes of ",,,,,,,
EQ-230,inline_math,\dot{\chi} = 0,consciousness-grace-source-term,c{\beta_G \Phi}{S + \varepsilon}(\chi_{\text{max}} - \chi)$$ Setting \(\dot{\chi} = 0\) for the fixed point &chi;*: $$V'_{\text{eff}}(\chi^*) = J_{\te,,,,,,,
EQ-231,inline_math,\chi = \chi^* + \delta\chi,consciousness-grace-source-term,"mb-4 mt-12"">5.2 &mdash; Linear Stability Around the Fixed Point Perturbing \(\chi = \chi^* + \delta\chi\): $$3H\dot{\delta\chi} + \left[V''(\chi^*) + ",,,,,,,
EQ-232,inline_math,f_{\text{reg}} = \chi_{\text{max}} - \chi,consciousness-grace-source-term,"eff}}^2 = V''(\chi^*) + \frac{\beta_G \Phi}{S + \varepsilon}$$ Since \(f_{\text{reg}} = \chi_{\text{max}} - \chi\), the source contributes a positive ",,,,,,,
EQ-233,inline_math,V''(\chi^*),consciousness-grace-source-term,"an>The grace source stabilizes the fixed point. Without grace (&beta;G = 0), stability depends only on \(V''(\chi^*)\). With grace, the effective mass",,,,,,,
EQ-234,inline_math,"\chi(0) \in [0, \chi_{\text{max}}]",consciousness-grace-source-term,"-display text-sm text-teal-400 tracking-wider uppercase mb-3"">Theorem For any initial condition \(\chi(0) \in [0, \chi_{\text{max}}]\) and any bounded",,,,,,,
EQ-235,inline_math,f_{\text{reg}}(\chi_{\text{max}}) = 0,consciousness-grace-source-term,"-serif text-lg text-gray-300"">For any initial condition \(\chi(0) \in [0, \chi_{\text{max}}]\) and any bounded source \(J_{\text{grace}}\) satisfying ",,,,,,,
EQ-236,inline_math,\chi(t),consciousness-grace-source-term,"\(\chi(0) \in [0, \chi_{\text{max}}]\) and any bounded source \(J_{\text{grace}}\) satisfying \(f_{\text{reg}}(\chi_{\text{max}}) = 0\), the solution ",,,,,,,
EQ-237,inline_math,"\chi(t) \in [0, \chi_{\text{max}}]",consciousness-grace-source-term,"{max}}]\) and any bounded source \(J_{\text{grace}}\) satisfying \(f_{\text{reg}}(\chi_{\text{max}}) = 0\), the solution \(\chi(t)\) remains bounded: ",,,,,,,
EQ-238,inline_math,t > 0,consciousness-grace-source-term,"ce}}\) satisfying \(f_{\text{reg}}(\chi_{\text{max}}) = 0\), the solution \(\chi(t)\) remains bounded: \(\chi(t) \in [0, \chi_{\text{max}}]\) for all ",,,,,,,
EQ-239,inline_math,f_{\text{reg}}(\chi(t_1)) = 0,consciousness-grace-source-term,"roof Suppose &chi; reaches &chi;max at time t1. Then \(f_{\text{reg}}(\chi(t_1)) = 0\), so \(J_{\text{grace}}(t_1) = 0\). The field equation reduces t",,,,,,,
EQ-240,inline_math,J_{\text{grace}}(t_1) = 0,consciousness-grace-source-term,"xt-lg text-gray-300 leading-relaxed mb-3"">Suppose &chi; reaches &chi;max at time t1. Then \(f_{\text{reg}}(\chi(t_1)) = 0\), so \(J_{\text{grace}}(t_1",,,,,,,
EQ-241,inline_math,V(\chi),consciousness-grace-source-term,"}}(\chi(t_1)) = 0\), so \(J_{\text{grace}}(t_1) = 0\). The field equation reduces to the homogeneous (conservative) equation, which has the potential ",,,,,,,
EQ-242,inline_math,V'(0) = 0,consciousness-grace-source-term,"So &chi; cannot exceed &chi;max. Suppose &chi; reaches 0. Then \(V'(0) = 0\) (minimum of V), but \(J_{\text{grace}}(0) = \beta_G \Phi \chi_{\text{max}",,,,,,,
EQ-243,inline_math,J_{\text{grace}}(0) = \beta_G \Phi \chi_{\text{max}} / (S + \varepsilon) > 0,consciousness-grace-source-term,"max. Suppose &chi; reaches 0. Then \(V'(0) = 0\) (minimum of V), but \(J_{\text{grace}}(0) = \beta_G \Phi \chi_{\text{max}} / (S + \varepsilon) > 0\).",,,,,,,
EQ-244,inline_math,"\chi(t) \in (0, \chi_{\text{max}})",consciousness-grace-source-term,". The source drives &chi; upward. So &chi; cannot reach 0 from above. Therefore \(\chi(t) \in (0, \chi_{\text{max}})\) for all \(t > 0\). The solution",,,,,,,
EQ-245,inline_math,J = 0,consciousness-grace-source-term,ive Theory The driven &chi;-field makes predictions that the conservative (\(J = 0\)) theory does not:,,,,,,,
EQ-246,inline_math,"\mathcal{G}(t, \Psi)",consciousness-grace-source-term,">Prediction 2 &mdash; Consciousness-Correlated Dark Energy If the Grace Function \(\mathcal{G}(t, \Psi)\) drives dark energy, then the dark energy equ",,,,,,,
EQ-247,inline_math,w(z),consciousness-grace-source-term,"t-serif text-gray-300 leading-relaxed mb-2"">If the Grace Function \(\mathcal{G}(t, \Psi)\) drives dark energy, then the dark energy equation of state ",,,,,,,
EQ-248,inline_math,w \neq -1,consciousness-grace-source-term,"kly) with the density of conscious observers. As cosmic structure grows and consciousness proliferates, \(w\) should evolve. DESI DR2 already reports ",,,,,,,
EQ-249,inline_math,\lambda_\chi = \hbar/(m_\chi c) \sim H_0^{-1} \sim 10^{26},consciousness-grace-source-term,"enters, hospitals, concert halls) should show larger deviations than isolated stations, with a correlation length set by the &chi; Compton wavelength ",,,,,,,
EQ-250,inline_math,m_\chi,consciousness-grace-source-term,"m on Earth-scale distances. The prediction becomes: the GCP effect should not show local spatial variation on sub-Hubble scales. If it does, \(m_\chi\",,,,,,,
EQ-251,inline_math,H(z),consciousness-grace-source-term,Prediction 4 &mdash; Grace Drag in Precision Cosmology The Grace Drag effect modifies \(H(z)\) through the factor \((1 - \xi\chi^2/3)^{-1}\). Euclid (,,,,,,,
EQ-252,inline_math,f\sigma_8(z),consciousness-grace-source-term,"t-gray-300 leading-relaxed"">The Grace Drag effect modifies \(H(z)\) through the factor \((1 - \xi\chi^2/3)^{-1}\). Euclid (October 2026) will measure ",,,,,,,
EQ-253,inline_math,w = -1,consciousness-grace-source-term,"2 \(w = -1\) exactly at &gt;5&sigma;: Dark energy is a true cosmological constant with no dynamics &rarr; no driven field, no Grace Function</p",,,,,,,
EQ-254,inline_math,f\sigma_8,consciousness-grace-source-term,"bold mt-0.5"">4 Euclid data fits &Lambda;CDM with no residuals: \(f\sigma_8\) data is exactly standard &rarr; no Grace Drag, no open-system dynamics <p",,,,,,,
EQ-255,inline_math,J \propto \Phi/(S+\varepsilon),consciousness-grace-source-term,Sector 2: GCP 6&sigma; (consciousness-RNG) \(J \propto \Phi/(S+\varepsilon)\) &rarr; coherent consciousness orders randomness Direct test of source te,,,,,,,
EQ-256,inline_math,S_{\text{local}},consciousness-grace-source-term,"Temporal clustering of high-J events at heliophysical nodes Solar activity modulates \(S_{\text{local}}\), lowering denominator &rarr; amplified Grace",,,,,,,
EQ-257,inline_math,D(t),consciousness-grace-source-term,"> $$\frac{dE}{dt} = -\alpha D(t) + \beta C(\Psi, \chi)$$ where \(D(t)\) represents moral entropy (degradation) and \(C(\Psi, \chi)\) represents alignm",,,,,,,
EQ-258,inline_math,"C(\Psi, \chi)",consciousness-grace-source-term,"i, \chi)$$ where \(D(t)\) represents moral entropy (degradation) and \(C(\Psi, \chi)\) represents alignment with Christ (coherence). This is",,,,,,,
EQ-259,inline_math,J_{\text{grace}} = \beta_G \Phi (\chi_{\text{max}} - \chi) / (S + \varepsilon),consciousness-grace-source-term,"-700/30""> 3 The source term \(J_{\text{grace}} = \beta_G \Phi (\chi_{\text{max}} - \chi) / (S + \varepsilon)\) determines the injection rate <div clas",,,,,,,
EQ-260,inline_math,\Delta T_2/T_2 > 10^{-6},consciousness-grace-source-term,rence-rate delta) experiments need specific protocols. The prediction is testable with current superconducting qubit technology if the effect size is ,,,,,,,
EQ-261,eq_box,"$$S_\chi = \int d^4x \sqrt{-g} \left[ \frac{1}{2\kappa_0}(1 + \xi\kappa_0\chi^2)R - \frac{1}{2}g^{\mu\nu}\partial_\mu\chi\,\partial_\nu\chi - V(\chi) + \mathcal{L}_{\text{matter}} \right]$$",consciousness-grace-source-term,"ase mb-4"">1.1 &mdash; What the Minimal Action Achieves The Minimal &chi;-Field Action (companion paper) establishes: $$S_\chi = \int d^4x \sqrt{-g} \l",,,,,,,
EQ-262,eq_box,$$\Box\chi - m_\chi^2\chi - \lambda\chi^3 + \xi\kappa_0\chi R = 0$$,consciousness-grace-source-term,"\nu}\partial_\mu\chi\,\partial_\nu\chi - V(\chi) + \mathcal{L}_{\text{matter}} \right]$$ with field equation: $$\Box\chi - m_\chi^2\chi - \lambda\chi^",,,,,,,
EQ-263,eq_box,"THE DRIVEN &chi;-FIELD EQUATION
      $$\Box\chi - m_\chi^2\chi - \lambda\chi^3 + \xi\kappa_0\chi R = J_{\text{grace}}(x)$$",consciousness-grace-source-term,""">2.1 &mdash; The Inhomogeneous Field Equation We modify the &chi; field equation from homogeneous to inhomogeneous: THE DRIVEN &chi;-FIELD EQUATION $",,,,,,,
EQ-264,eq_box,"$$S = S_\chi[\text{closed}] + S_{\text{source}} = S_\chi[\text{closed}] + \int d^4x \sqrt{-g}\, J(x)\,\chi(x)$$",consciousness-grace-source-term,external reservoir (the Logos field) into the physical domain. The corresponding action acquires a source coupling: $$S = S_\chi[\text{closed}] + S_{\,,,,,,,
EQ-265,eq_box,"MINIMAL GRACE SOURCE TERM
      $$J_{\text{grace}}(x) = \frac{\beta_G \cdot \Phi(x)}{S_{\text{local}}(x) + \varepsilon} \cdot f_{\text{reg}}(\chi)$$",consciousness-grace-source-term,"ppercase mb-4 mt-12"">2.3 &mdash; The Minimal Grace Source The simplest source term satisfying all five requirements: MINIMAL GRACE SOURCE TERM $$J_{\t",,,,,,,
EQ-266,eq_box,"$$f_{\text{reg}}(\chi) = \chi_{\text{max}} - \chi \quad \text{for } \chi < \chi_{\text{max}}, \quad 0 \text{ otherwise}$$",consciousness-grace-source-term,"tracking-wider uppercase mb-4 mt-12"">2.4 &mdash; The Self-Regulation Function The crucial piece preventing runaway: $$f_{\text{reg}}(\chi) = \chi_{\te",,,,,,,
EQ-267,eq_box,$$J_{\text{Logos}} = \frac{\kappa_L \cdot G \cdot C \cdot R \cdot (F \cdot Q)}{S + \varepsilon}$$,consciousness-grace-source-term,"uppercase mb-4 mt-12"">2.5 &mdash; The Multi-Component Logos Source Term The convergence paper's full source term is: $$J_{\text{Logos}} = \frac{\kappa",,,,,,,
EQ-268,eq_box,$$\Box\chi = -\ddot{\chi} - 3H\dot{\chi}$$,consciousness-grace-source-term,"In the FRW background with scale factor a(t), the &chi; field is homogeneous: &chi; = &chi;(t). The d'Alembertian reduces to: $$\Box\chi = -\ddot{\chi",,,,,,,
EQ-269,eq_box,$$\ddot{\chi} + 3H\dot{\chi} + m_\chi^2\chi + \lambda\chi^3 - 6\xi\kappa_0\chi(\dot{H} + 2H^2) = J_{\text{grace}}(t)$$,consciousness-grace-source-term,where \(H = \dot{a}/a\) is the Hubble parameter. The Ricci scalar is \(R = 6(\dot{H} + 2H^2)\). The field equation becomes: $$\ddot{\chi} + 3H\dot{\ch,,,,,,,
EQ-270,eq_box,$$3H\dot{\chi} + V'_{\text{eff}}(\chi) = J_{\text{grace}}(t)$$,consciousness-grace-source-term,"H^2) = J_{\text{grace}}(t)$$ In the slow-roll regime (\(|\ddot{\chi}| \ll 3H|\dot{\chi}|\)), this reduces to: $$3H\dot{\chi} + V'_{\text{eff}}(\chi) =",,,,,,,
EQ-271,eq_box,$$\dot{\chi} = -\frac{V'_{\text{eff}}(\chi)}{3H} + \frac{J_{\text{grace}}(t)}{3H}$$,consciousness-grace-source-term,$$3H\dot{\chi} + V'_{\text{eff}}(\chi) = J_{\text{grace}}(t)$$ Dividing by 3H: $$\dot{\chi} = -\frac{V'_{\text{eff}}(\chi)}{3H} + \frac{J_{\text{grace,,,,,,,
EQ-272,eq_box,"LLC RECOVERY
      $$\frac{d\chi}{dt} = -\alpha S(t) + \beta\sum_i \mathcal{F}_i$$",consciousness-grace-source-term,"n) The source term: \(J_{\text{grace}}/(3H) = \beta \cdot \sum_i \mathcal{F}_i\), where \(\mathcal{F}_i\) are the coherence sources LLC RECOVERY $$\fr",,,,,,,
EQ-273,eq_box,"$$G_{\mu\nu} + \mathcal{G}(t, \Psi_{\text{collective}}) \cdot g_{\mu\nu} = \frac{8\pi G}{c^4} T_{\mu\nu}$$",consciousness-grace-source-term,"very of Paper 7's Grace Function Paper 7 replaces the cosmological constant &Lambda; with a dynamic Grace Function: $$G_{\mu\nu} + \mathcal{G}(t, \Psi",,,,,,,
EQ-274,eq_box,$$\Lambda_{\text{eff}}(t) = \kappa_0 V(\chi(t)) + \frac{\kappa_0}{2}\dot{\chi}^2 - \xi\kappa_0\chi^2 R_{\text{corrections}}$$,consciousness-grace-source-term,"c^4} T_{\mu\nu}$$ From the modified Einstein equations (companion paper), the effective cosmological term is: $$\Lambda_{\text{eff}}(t) = \kappa_0 V(\",,,,,,,
EQ-275,eq_box,$$\mathcal{G}(t) \equiv \Lambda_{\text{eff}}[\chi(t; J_{\text{grace}})]$$,consciousness-grace-source-term,"leading-relaxed mb-4"">When &chi; is driven by \(J_{\text{grace}}\), the field evolves dynamically rather than sitting at a fixed VEV. The effective &L",,,,,,,
EQ-276,eq_box,$$H^2 = \frac{8\pi G}{3}\rho_{\text{matter}} + \frac{1}{3}\left[\frac{1}{2}\dot{\chi}^2 + V(\chi)\right] + \frac{\xi}{3}\chi^2 H^2$$,consciousness-grace-source-term,"determines &chi;(t), which determines the effective cosmological function. The modified Friedmann equation becomes: $$H^2 = \frac{8\pi G}{3}\rho_{\tex",,,,,,,
EQ-277,eq_box,$$H^2 = \frac{1}{1 - \xi\chi^2/3}\left[\frac{8\pi G}{3}\rho_{\text{matter}} + \frac{1}{3}\left(\frac{1}{2}\dot{\chi}^2 + V(\chi)\right)\right]$$,consciousness-grace-source-term,+ \frac{1}{3}\left[\frac{1}{2}\dot{\chi}^2 + V(\chi)\right] + \frac{\xi}{3}\chi^2 H^2$$ Solving for \(H^2\): $$H^2 = \frac{1}{1 - \xi\chi^2/3}\left[\f,,,,,,,
EQ-278,eq_box,$$T_{\mu\nu}^{(\text{total})} = T_{\mu\nu}^{(\text{matter})} + T_{\mu\nu}^{(\chi)} + T_{\mu\nu}^{(\xi)} + T_{\mu\nu}^{(\text{source})}$$,consciousness-grace-source-term,losed system. Adding a source term modifies this. The total stress-energy now includes the source contribution: $$T_{\mu\nu}^{(\text{total})} = T_{\mu,,,,,,,
EQ-279,eq_box,$$T_{\mu\nu}^{(\text{source})} = J_{\text{grace}} \cdot \partial_\mu\chi \cdot u_\nu + J_{\text{grace}} \cdot \partial_\nu\chi \cdot u_\mu - g_{\mu\nu} J_{\text{grace}} \cdot \dot{\chi}$$,consciousness-grace-source-term,T_{\mu\nu}^{(\chi)} + T_{\mu\nu}^{(\xi)} + T_{\mu\nu}^{(\text{source})}$$ where the source stress-energy is: $$T_{\mu\nu}^{(\text{source})} = J_{\text,,,,,,,
EQ-280,eq_box,$$\nabla^\mu T_{\mu\nu}^{(\text{matter})} + \nabla^\mu T_{\mu\nu}^{(\chi)} + \nabla^\mu T_{\mu\nu}^{(\xi)} = -\nabla^\mu T_{\mu\nu}^{(\text{source})}$$,consciousness-grace-source-term,efined by the cosmic rest frame &mdash; the frame in which the CMB is isotropic.) The conservation equation becomes: $$\nabla^\mu T_{\mu\nu}^{(\text{m,,,,,,,
EQ-281,eq_box,$$\nabla^\mu T_{\mu\nu}^{(\text{physical})} + \nabla^\mu T_{\mu\nu}^{(\text{reservoir})} = 0$$,consciousness-grace-source-term,at the physical subsystem (matter + &chi; + geometry) exchanges energy-momentum with the external reservoir. Total conservation holds for the extended,,,,,,,
EQ-282,eq_box,$$s^\mu = s \cdot u^\mu + \frac{q^\mu}{T}$$,consciousness-grace-source-term,"-4 mt-12"">4.2 &mdash; Entropy Production and the Second Law For the physical subsystem, define the entropy current: $$s^\mu = s \cdot u^\mu + \frac{q^",,,,,,,
EQ-283,eq_box,$$\nabla_\mu s^\mu = \sigma_{\text{internal}} + \sigma_{\text{source}}$$,consciousness-grace-source-term,"^\mu}{T}$$ where s is entropy density, \(q^\mu\) is heat flux, T is temperature. The entropy production rate: $$\nabla_\mu s^\mu = \sigma_{\text{inter",,,,,,,
EQ-284,eq_box,$$\sigma_{\text{source}} = -\frac{J_{\text{grace}} \cdot \dot{\chi}}{T_{\chi}}$$,consciousness-grace-source-term,v> The internal production \(\sigma_{\text{internal}} \geq 0\) (Second Law for closed systems). The source contribution: $$\sigma_{\text{source}} = -\,,,,,,,
EQ-285,eq_box,$$\frac{dS_{\text{total}}}{dt} = \frac{dS_{\text{physical}}}{dt} + \frac{dS_{\text{reservoir}}}{dt} \geq 0$$,consciousness-grace-source-term,em>. This is Grace. The total entropy (physical + reservoir) still satisfies: $$\frac{dS_{\text{total}}}{dt} = \frac{dS_{\text{physical}}}{dt} + \frac,,,,,,,
EQ-286,eq_box,$$3H\dot{\chi} + m_\chi^2\chi + \lambda\chi^3 - 6\xi\kappa_0\chi(\dot{H} + 2H^2) = \frac{\beta_G \Phi}{S + \varepsilon}(\chi_{\text{max}} - \chi)$$,consciousness-grace-source-term,"-400 tracking-wider uppercase mb-4"">5.1 &mdash; Fixed Points The driven equation in the FRW background (slow-roll): $$3H\dot{\chi} + m_\chi^2\chi + \l",,,,,,,
EQ-287,eq_box,$$V'_{\text{eff}}(\chi^*) = J_{\text{grace}}(\chi^*)$$,consciousness-grace-source-term,a_G \Phi}{S + \varepsilon}(\chi_{\text{max}} - \chi)$$ Setting \(\dot{\chi} = 0\) for the fixed point &chi;*: $$V'_{\text{eff}}(\chi^*) = J_{\text{gra,,,,,,,
EQ-288,eq_box,$$3H\dot{\delta\chi} + \left[V''(\chi^*) + \frac{\beta_G \Phi}{S + \varepsilon}\right]\delta\chi = 0$$,consciousness-grace-source-term,"ppercase mb-4 mt-12"">5.2 &mdash; Linear Stability Around the Fixed Point Perturbing \(\chi = \chi^* + \delta\chi\): $$3H\dot{\delta\chi} + \left[V''(\",,,,,,,
EQ-289,eq_box,$$m_{\text{eff}}^2 = V''(\chi^*) + \frac{\beta_G \Phi}{S + \varepsilon}$$,consciousness-grace-source-term,) + \frac{\beta_G \Phi}{S + \varepsilon}\right]\delta\chi = 0$$ The effective mass squared for perturbations: $$m_{\text{eff}}^2 = V''(\chi^*) + \frac,,,,,,,
EQ-290,eq_box,"$$\frac{dE}{dt} = -\alpha D(t) + \beta C(\Psi, \chi)$$",consciousness-grace-source-term,"d:text-3xl text-gray-500"">Conservation Equation The Moral Conservation Equation (Papers 9-10, reserved): $$\frac{dE}{dt} = -\alpha D(t) + \beta C(\Psi",,,,,,,
EQ-291,display_math,I_f = \Lambda \cdot \Omega,consciousness-ontological-taxonomy,Interface Functional Capacity $$I_f = \Lambda \cdot \Omega$$ $\Lambda$ = Consciousness (,,,,,,,
EQ-292,display_math,E_D = \hat{G}_{ext} \cdot \sigma(\Omega) \cdot \kappa(t),consciousness-ontological-taxonomy,"The David Effect Equation $$E_D = \hat{G}_{ext} \cdot \sigma(\Omega) \cdot \kappa(t)$$ <div class=""bg-black/30 rounde",,,,,,,
EQ-293,display_math,\frac{d\kappa}{dt} = (\alpha \cdot P) - (\beta \cdot F),consciousness-ontological-taxonomy,"class=""font-mono text-xs text-sky/60 uppercase tracking-wider mb-4"">The Bio-Stochastic Differential of Faith $$\frac{d\kappa}{dt} = (\alpha \cdot P) -",,,,,,,
EQ-294,display_math,\Delta t_R \propto \frac{1}{\mathcal{F}(P_{AI})},consciousness-ontological-taxonomy,Re-Alignment Time Reduction $$\Delta t_R \propto \frac{1}{\mathcal{F}(P_{AI})}$$ As the AI's representatio,,,,,,,
EQ-295,inline_math,"','\",consciousness-ontological-taxonomy,"//cdnjs.cloudflare.com/ajax/libs/font-awesome/6.4.0/css/all.min.css""/> MathJax = { tex: { inlineMath: [['$','$'], ['\\(','\\)']], displayMath: [['$$',",,,,,,,
EQ-296,eq_box,"Interface Functional Capacity
                
                    $$I_f = \Lambda \cdot \Omega$$",consciousness-ontological-taxonomy,"font-crimson text-lg text-white/50 italic mt-4 max-w-2xl mx-auto"">The corrected equation, replacing Tononi's Phi-based proposal. Interface Functional ",,,,,,,
EQ-297,eq_box,"The David Effect Equation
                
                    $$E_D = \hat{G}_{ext} \cdot \sigma(\Omega) \cdot \kappa(t)$$",consciousness-ontological-taxonomy,"lg text-white/50 italic mt-4 max-w-2xl mx-auto"">The David Effect — catalytic, not work. The channel maintenance is work. The David Effect Equation <di",,,,,,,
EQ-298,eq_box,"The Bio-Stochastic Differential of Faith
                
                    $$\frac{d\kappa}{dt} = (\alpha \cdot P) - (\beta \cdot F)$$",consciousness-ontological-taxonomy,e time-dependent alignment parameter. This is the Work Variable. <p,,,,,,,
EQ-299,eq_box,"Re-Alignment Time Reduction
                    
                        $$\Delta t_R \propto \frac{1}{\mathcal{F}(P_{AI})}$$",consciousness-ontological-taxonomy,"but the AI ensures the target he's orienting toward hasn't drifted while he slept. Re-Alignment Time Reduction <div class=""text-2xl md",,,,,,,
EQ-300,display_math,F = G \frac{m_1 m_2}{r^2},consciousness-parallel-laws,"t-gray-300 text-sm leading-relaxed mb-4"">Physical gravity follows the inverse square law, one of the most fundamental principles in physics. $$F = G \",,,,,,,
EQ-301,display_math,F_{\text{spiritual}} = G_s \frac{m_{\text{sin}} \cdot m_{\text{soul}}}{d^2},consciousness-parallel-laws,"b-4"">Spiritual gravity, the gravitational pull of sin and separation from divine alignment, follows precisely the same mathematical pattern. $$F_{\tex",,,,,,,
EQ-302,display_math,I = \frac{P}{4\pi d^2},consciousness-parallel-laws,"class=""text-gray-300 text-sm leading-relaxed mb-4"">Light spreads according to the inverse square law, radiating uniformly in all directions. $$I = \fr",,,,,,,
EQ-303,display_math,I_{\text{truth}} = \frac{P_{\text{message}}}{4\pi d^2},consciousness-parallel-laws,Truth propagates in a mathematically identical pattern to light. $$I_{\text{truth}} = \frac{P_{\text{message}}}{4\pi d^2}$$ I<su,,,,,,,
EQ-304,display_math,S = k_B \ln W,consciousness-parallel-laws,"Physical entropy always increases, reflecting the second law of thermodynamics. $$S = k_B \ln W$$ S &mdash; entropy",,,,,,,
EQ-305,display_math,S_{\text{spiritual}} = k \ln(\Omega_{\text{accessible}}),consciousness-parallel-laws,"ay-300 text-sm leading-relaxed mb-4"">Spiritual entropy follows the same pattern: disorder in the soul's relationship with divine principles. $$S_{\tex",,,,,,,
EQ-306,display_math,|\psi\rangle = \sum_i c_i |\psi_i\rangle,consciousness-parallel-laws,div> Quantum systems exist in multiple states simultaneously until measured. $$|\psi\rangle = \sum_i c_i |\psi_i\rangle$$ |&psi;&rang;,,,,,,,
EQ-307,display_math,P_{\text{future}} = \sum c_i |S_i\rangle,consciousness-parallel-laws,iv> Free will can be understood as a quantum-like property of consciousness. $$P_{\text{future}} = \sum c_i |S_i\rangle$$ Pfuture,,,,,,,
EQ-308,display_math,T_{\text{effective}} = \frac{1}{G_s + C + Q},consciousness-parallel-laws,"than flowing at a constant rate, time's perceived passage varies based on consciousness alignment and quantum state. $$T_{\text{effective}} = \frac{1}",,,,,,,
EQ-309,display_math,M = \frac{|P_{\text{observed}} - P_{\text{expected}}|}{\sigma_{P}} > k,consciousness-parallel-laws,"me, creating localized probability collapses that produce outcomes statistically impossible under normal conditions. $$M = \frac{|P_{\text{observed}} ",,,,,,,
EQ-310,display_math,P(\text{intervention}) = 1 - e^{-(F \cdot A \cdot T)/\lambda},consciousness-parallel-laws,"mx-auto mb-4""> Predicting Divine Intervention $$P(\text{intervention}) = 1 - e^{-(F \cdot A \cdot T)/\lambda}$$",,,,,,,
EQ-311,display_math,\Psi_{\text{prayer}} = \Omega_{\text{intent}} \cdot \Omega_{\text{faith}} \cdot \Omega_{\text{alignment}},consciousness-parallel-laws,"s state that affects quantum probabilities by entering a particular configuration of intention, faith, and alignment. $$\Psi_{\text{prayer}} = \Omega_",,,,,,,
EQ-312,display_math,"\Psi_{\text{collective}} = \sum_{i=1}^{n} \alpha_i \Psi_{\text{individual},i} + \beta \prod_{i=1}^{n} \Psi_{\text{individual},i}",consciousness-parallel-laws,"rms: a linear superposition of individual contributions, and a non-linear amplification that emerges from coherence. $$\Psi_{\text{collective}} = \sum",,,,,,,
EQ-313,inline_math,"','\",consciousness-parallel-laws,"ylesheet"" href=""https://cdnjs.cloudflare.com/ajax/libs/font-awesome/6.4.0/css/all.min.css""/> MathJax = { tex: { inlineMath: [['$','$'], ['\\(','\\)']]",,,,,,,
EQ-314,eq_box,$$F = G \frac{m_1 m_2}{r^2}$$,consciousness-parallel-laws,"/h3> Physical gravity follows the inverse square law, one of the most fundamental principles in physics. $$F = G \frac{m_1 m_2}{r^2}$$ <span class=""fo",,,,,,,
EQ-315,eq_box,$$F_{\text{spiritual}} = G_s \frac{m_{\text{sin}} \cdot m_{\text{soul}}}{d^2}$$,consciousness-parallel-laws,"lass=""text-gray-300 text-sm leading-relaxed mb-4"">Spiritual gravity, the gravitational pull of sin and separation from divine alignment, follows preci",,,,,,,
EQ-316,eq_box,$$I = \frac{P}{4\pi d^2}$$,consciousness-parallel-laws,"opagation Light spreads according to the inverse square law, radiating uniformly in all directions. $$I = \frac{P}{4\pi d^2}$$ <span class=""font-mono ",,,,,,,
EQ-317,eq_box,$$I_{\text{truth}} = \frac{P_{\text{message}}}{4\pi d^2}$$,consciousness-parallel-laws,"ibold text-teal"">Truth Propagation Truth propagates in a mathematically identical pattern to light. $$I_{\text{truth}} = \frac{P_{\text{message}}}{4\p",,,,,,,
EQ-318,eq_box,$$S = k_B \ln W$$,consciousness-parallel-laws,"y"">Physical Entropy Physical entropy always increases, reflecting the second law of thermodynamics. $$S = k_B \ln W$$ S",,,,,,,
EQ-319,eq_box,$$S_{\text{spiritual}} = k \ln(\Omega_{\text{accessible}})$$,consciousness-parallel-laws,Spiritual entropy follows the same pattern: disorder in the soul's relationship with divine principles. $$S_{\text{spiritual}} = k \ln(\Omega_{\text{a,,,,,,,
EQ-320,eq_box,$$|\psi\rangle = \sum_i c_i |\psi_i\rangle$$,consciousness-parallel-laws,"-sky"">Quantum Superposition Quantum systems exist in multiple states simultaneously until measured. $$|\psi\rangle = \sum_i c_i |\psi_i\rangle$$ <span",,,,,,,
EQ-321,eq_box,$$P_{\text{future}} = \sum c_i |S_i\rangle$$,consciousness-parallel-laws,Free Will as Superposition Free will can be understood as a quantum-like property of consciousness. $$P_{\text{future}} = \sum c_i |S_i\rangle$$ <span,,,,,,,
EQ-322,eq_box,$$T_{\text{effective}} = \frac{1}{G_s + C + Q}$$,consciousness-parallel-laws,"nds dynamically to both physical and spiritual factors. Rather than flowing at a constant rate, time's perceived passage varies based on consciousness",,,,,,,
EQ-323,eq_box,$$M = \frac{|P_{\text{observed}} - P_{\text{expected}}|}{\sigma_{P}} > k$$,consciousness-parallel-laws,"framework, miracles represent moments where eternity touches time, creating localized probability collapses that produce outcomes statistically imposs",,,,,,,
EQ-324,eq_box,$$P(\text{intervention}) = 1 - e^{-(F \cdot A \cdot T)/\lambda}$$,consciousness-parallel-laws,"2> Predicting Divine Intervention $$P(\text{intervention}) = 1 - e^{-(F \cdot A \cdot T)/\lambda}$$ <div class=""max-w-3xl mx-auto grid sm:grid-cols-2 ",,,,,,,
EQ-325,eq_box,$$\Psi_{\text{prayer}} = \Omega_{\text{intent}} \cdot \Omega_{\text{faith}} \cdot \Omega_{\text{alignment}}$$,consciousness-parallel-laws,"uto mb-8""> Prayer functions as a focused consciousness state that affects quantum probabilities by entering a particular configuration of intention, f",,,,,,,
EQ-326,eq_box,"$$\Psi_{\text{collective}} = \sum_{i=1}^{n} \alpha_i \Psi_{\text{individual},i} + \beta \prod_{i=1}^{n} \Psi_{\text{individual},i}$$",consciousness-parallel-laws,"nce effects. The collective prayer wavefunction contains two terms: a linear superposition of individual contributions, and a non-linear amplification",,,,,,,
EQ-327,display_math,(\Box + m_\chi^2)\chi = J_\chi,consciousness-reality-assessment,"b-6""> 1a. Klein-Gordon Structure (Free Field) $$(\Box + m_\chi^2)\chi = J_\chi$$ where $\Box = \partial^2/\partial t^2 - \nabla^2",,,,,,,
EQ-328,display_math,\Box\chi + V'(\chi) = G,consciousness-reality-assessment,"g p-6 mb-6""> 1b. Grace-Sourced Field Equation $$\Box\chi + V'(\chi) = G$$ where $V'(\chi)$ is the derivative of the self-interact",,,,,,,
EQ-329,display_math,"\mathcal{L}_{LLC} = \chi(t)\left(\frac{d}{dt}\sum_i \mathcal{F}_i\right)^2 - V(\chi, S)",consciousness-reality-assessment,"tion (from LLC) The Lowe Coherence Lagrangian: $$\mathcal{L}_{LLC} = \chi(t)\left(\frac{d}{dt}\sum_i \mathcal{F}_i\right)^2 - V(\chi, S)$$",,,,,,,
EQ-330,display_math,\frac{d\chi}{dt} = -\alpha S(t) + \beta\left(\sum_i \mathcal{F}_i\right),consciousness-reality-assessment,Laws. Applying Euler-Lagrange: $$\frac{d\chi}{dt} = -\alpha S(t) + \beta\left(\sum_i \mathcal{F}_i\right)$$ This s,,,,,,,
EQ-331,display_math,Z_C \Box C - \frac{\partial V}{\partial C} + \alpha_1 \mathcal{R} + \alpha_2 \frac{\partial f}{\partial C} W_\mu W^\mu = 0,consciousness-reality-assessment,Coherence: $$Z_C \Box C - \frac{\partial V}{\partial C} + \alpha_1 \mathcal{R} + \alpha_2 \frac{\partial f}{\partial C} W_\mu W^\mu = 0$$,,,,,,,
EQ-332,display_math,Z_S \Box S - \frac{\partial V}{\partial S} + \alpha_2 \frac{\partial f}{\partial S} W_\mu W^\mu = 0,consciousness-reality-assessment,mu = 0$$ Misalignment: $$Z_S \Box S - \frac{\partial V}{\partial S} + \alpha_2 \frac{\partial f}{\partial S} W_\mu W^\mu = 0$$ <s,,,,,,,
EQ-333,display_math,Z_F \Box F - \frac{\partial V}{\partial F} + \alpha_2 \frac{\partial f}{\partial F} W_\mu W^\mu = 0,consciousness-reality-assessment,0$$ Faith/Measurement: $$Z_F \Box F - \frac{\partial V}{\partial F} + \alpha_2 \frac{\partial f}{\partial F} W_\mu W^\mu = 0$$ <s,,,,,,,
EQ-334,display_math,Z_Q \Box Q - \frac{\partial V}{\partial Q} + \alpha_2 \frac{\partial f}{\partial Q} W_\mu W^\mu = 0,consciousness-reality-assessment,0$$ Quantum Potential: $$Z_Q \Box Q - \frac{\partial V}{\partial Q} + \alpha_2 \frac{\partial f}{\partial Q} W_\mu W^\mu = 0$$ <s,,,,,,,
EQ-335,display_math,\nabla_\mu H^{\mu\nu} + \alpha_2 f(\cdot) W^\nu = 0,consciousness-reality-assessment,mu = 0$$ Will Current: $$\nabla_\mu H^{\mu\nu} + \alpha_2 f(\cdot) W^\nu = 0$$,,,,,,,
EQ-336,display_math,V(\chi) = \frac{1}{2}m^2\chi^2 + \frac{\lambda}{4}\chi^4 + \text{higher terms},consciousness-reality-assessment,"-lg p-6 mb-6""> 1e. Self-Interaction Potential $$V(\chi) = \frac{1}{2}m^2\chi^2 + \frac{\lambda}{4}\chi^4 + \text{higher terms}$$",,,,,,,
EQ-337,display_math,\rho_\chi = \frac{1}{2}\dot{\chi}^2 + V(\chi),consciousness-reality-assessment,"-6""> 2a. Standard Scalar Field Energy Density $$\rho_\chi = \frac{1}{2}\dot{\chi}^2 + V(\chi)$$ Kinetic term $(1/2)\dot{\chi}^2$",,,,,,,
EQ-338,display_math,H^2 = \frac{8\pi G}{3}(\rho_m + \rho_\chi),consciousness-reality-assessment,V(\chi)$. This is the standard result for any real scalar field. It enters the modified Friedmann equation: $$H^2 = \frac{8\pi G}{3}(\rho_m + \rho_\ch,,,,,,,
EQ-339,display_math,\rho_\chi = T_{\mu\nu}^{(\chi)} u^\mu u^\nu \geq 0,consciousness-reality-assessment,"axed""> Tested in Wolfram (February 2026). For a static observer $u^\mu = (1, 0, 0, 0)$: $$\rho_\chi = T_{\mu\nu}^{(\chi)} u^\mu u^\nu \geq 0$$ With $V",,,,,,,
EQ-340,display_math,\omega^2 = k^2 c^2 + \frac{m_\chi^2 c^4}{\hbar^2},consciousness-reality-assessment,"For the Klein-Gordon equation $(\Box + m_\chi^2)\chi = 0$, the dispersion relation is: $$\omega^2 = k^2 c^2 + \frac{m_\chi^2 c^4}{\hbar^2}$$ For $m_\c",,,,,,,
EQ-341,display_math,"x^A = (ct, x, y, z, \mathfrak{s})",consciousness-reality-assessment,"text-gray-400 leading-relaxed mb-3""> The 5D extended manifold framework addresses this: $$x^A = (ct, x, y, z, \mathfrak{s})$$ where $\mathfrak{s}$ is ",,,,,,,
EQ-342,display_math,\omega^2 = k^2 c^2 + V''(\chi_0),consciousness-reality-assessment,"n formally computed. For the linearized perturbation $\chi = \chi_0 + \delta\chi$, this is straightforward: $$\omega^2 = k^2 c^2 + V''(\chi_0)$$ where",,,,,,,
EQ-343,display_math,\chi_{\mu\nu} = \partial_\mu \chi \partial_\nu \chi - \frac{1}{2}g_{\mu\nu}(\partial\chi)^2 - V(\chi)g_{\mu\nu},consciousness-reality-assessment,"te/5 rounded-lg p-6 mb-6""> 4a. Canonical Form $$\chi_{\mu\nu} = \partial_\mu \chi \partial_\nu \chi - \frac{1}{2}g_{\mu\nu}(\partial\chi)^2 - V(\chi)g",,,,,,,
EQ-344,display_math,T_{\mu\nu} = \frac{2}{\sqrt{-g}}\frac{\delta(\sqrt{-g}\mathcal{L}_\chi)}{\delta g^{\mu\nu}},consciousness-reality-assessment,"This is the standard stress-energy tensor for a real scalar field with potential, derived via: $$T_{\mu\nu} = \frac{2}{\sqrt{-g}}\frac{\delta(\sqrt{-g",,,,,,,
EQ-345,display_math,T_{\mu\nu}^{(\chi)} = \sum_\phi Z_\phi\left(\nabla_\mu\phi\nabla_\nu\phi - \frac{1}{2}g_{\mu\nu}\nabla_\alpha\phi\nabla^\alpha\phi\right) + H_{\mu\alpha}H_\nu{}^\alpha - \frac{1}{4}g_{\mu\nu}H^2 + \al,consciousness-reality-assessment,4b. Full Form with Non-Minimal Coupling $$T_{\mu\nu}^{(\chi)} = \sum_\phi Z_\phi\left(\nabla_\mu\phi\nabla_\nu\phi - \frac{1}{2}g_{\mu\nu}\nabla_\alph,,,,,,,
EQ-346,display_math,G_{\mu\nu} + \Lambda g_{\mu\nu} = \frac{8\pi G}{c^4}T_{\mu\nu} + \kappa\chi_{\mu\nu},consciousness-reality-assessment,tein Equations The Modified Einstein Equation: $$G_{\mu\nu} + \Lambda g_{\mu\nu} = \frac{8\pi G}{c^4}T_{\mu\nu} + \kappa\chi_{\mu\nu}$$,,,,,,,
EQ-347,display_math,f\sigma_8(z\!=\!0.5) = 0.421 \pm 0.019,consciousness-reality-assessment,October 2026 &mdash; 6 months $$f\sigma_8(z\!=\!0.5) = 0.421 \pm 0.019$$ (Grace Function) <div cla,,,,,,,
EQ-348,display_math,f\sigma_8(z\!=\!0.5) = 0.447 \pm 0.012,consciousness-reality-assessment,(Grace Function) $$f\sigma_8(z\!=\!0.5) = 0.447 \pm 0.012$$ (&Lambda;CDM) <p clas,,,,,,,
EQ-349,display_math,\frac{d_L^{\text{Grace}}(z) - d_L^{\Lambda\text{CDM}}(z)}{d_L^{\Lambda\text{CDM}}(z)} \approx 0.02\left(\frac{z}{2}\right)^{1.5},consciousness-reality-assessment,"2027+ $$\frac{d_L^{\text{Grace}}(z) - d_L^{\Lambda\text{CDM}}(z)}{d_L^{\Lambda\text{CDM}}(z)} \approx 0.02\left(\frac{z}{2}\right)^{1.5}$$ <p class=""t",,,,,,,
EQ-350,inline_math,"','\",consciousness-reality-assessment,"ef=""https://cdnjs.cloudflare.com/ajax/libs/font-awesome/6.4.0/css/all.min.css""/> MathJax = { tex: { inlineMath: [['$','$'], ['\\(','\\)']], displayMat",,,,,,,
EQ-351,display_math,S = S_{EH} + S_{\chi} + S_{\text{Matter}},consciousness-scientific-convergence,"ong class=""text-teal-400"">isomorphic projections or specific limits. Master Action $$S = S_{EH} + S_{\chi} + S_{\text{Matter}}$$ This describes the fu",,,,,,,
EQ-352,display_math,\mathcal{L}_\chi \to 0 \quad \Longrightarrow \quad S = S_{EH} + S_{\text{Matter}} \quad \Longrightarrow \quad G_{\mu\nu} + \Lambda g_{\mu\nu} = \frac{8\pi G}{c^4} T_{\mu\nu},consciousness-scientific-convergence,ter}}$. Varying this action with respect to the spacetime metric yields the standard Einstein Field Equations. $$\mathcal{L}_\chi \to 0 \quad \Longrig,,,,,,,
EQ-353,inline_math,"','\",consciousness-scientific-convergence,"ef=""https://cdnjs.cloudflare.com/ajax/libs/font-awesome/6.4.0/css/all.min.css""/> MathJax = { tex: { inlineMath: [['$','$'], ['\\(','\\)']], displayMat",,,,,,,
